"source","term_name","term_id","adjusted_p_value","negative_log10_of_adjusted_p_value","term_size","query_size","intersection_size","effective_domain_size","intersections"
"GO:MF","protein-containing complex binding","GO:0044877","0.000004621230862843989","5.3352423348886155","1451","38","15","21091","ENSMUSG00000027398,ENSMUSG00000002985,ENSMUSG00000020053,ENSMUSG00000089929,ENSMUSG00000099974,ENSMUSG00000025351,ENSMUSG00000021939,ENSMUSG00000102037,ENSMUSG00000027995,ENSMUSG00000029304,ENSMUSG00000030342,ENSMUSG00000015568,ENSMUSG00000023067,ENSMUSG00000024014,ENSMUSG00000017466"
"GO:MF","signaling receptor binding","GO:0005102","0.0000700878548770726","4.154357231916967","1780","38","15","21091","ENSMUSG00000027398,ENSMUSG00000002985,ENSMUSG00000020053,ENSMUSG00000027995,ENSMUSG00000018920,ENSMUSG00000029304,ENSMUSG00000030579,ENSMUSG00000030342,ENSMUSG00000058427,ENSMUSG00000027712,ENSMUSG00000046223,ENSMUSG00000015568,ENSMUSG00000027399,ENSMUSG00000035678,ENSMUSG00000017466"
"GO:MF","peptide binding","GO:0042277","0.00030048646634171214","3.5221750834797887","290","38","7","21091","ENSMUSG00000002985,ENSMUSG00000051439,ENSMUSG00000021939,ENSMUSG00000027995,ENSMUSG00000027712,ENSMUSG00000007891,ENSMUSG00000006360"
"GO:MF","BH domain binding","GO:0051400","0.0009597967683082489","3.01782071669601","15","38","3","21091","ENSMUSG00000089929,ENSMUSG00000099974,ENSMUSG00000102037"
"GO:MF","molecular function regulator","GO:0098772","0.0012432073552433604","2.9054564290996643","2227","38","15","21091","ENSMUSG00000027398,ENSMUSG00000002985,ENSMUSG00000020053,ENSMUSG00000099974,ENSMUSG00000018920,ENSMUSG00000029304,ENSMUSG00000068129,ENSMUSG00000040564,ENSMUSG00000058427,ENSMUSG00000069792,ENSMUSG00000023067,ENSMUSG00000024014,ENSMUSG00000027399,ENSMUSG00000035678,ENSMUSG00000017466"
"GO:MF","amide binding","GO:0033218","0.0014616046728782653","2.8351700771757695","368","38","7","21091","ENSMUSG00000002985,ENSMUSG00000051439,ENSMUSG00000021939,ENSMUSG00000027995,ENSMUSG00000027712,ENSMUSG00000007891,ENSMUSG00000006360"
"GO:MF","integrin binding","GO:0005178","0.001501651980465764","2.8234307067967235","132","38","5","21091","ENSMUSG00000027398,ENSMUSG00000020053,ENSMUSG00000029304,ENSMUSG00000030342,ENSMUSG00000017466"
"GO:MF","cytokine activity","GO:0005125","0.0021306120687354384","2.671495617270453","251","38","6","21091","ENSMUSG00000027398,ENSMUSG00000018920,ENSMUSG00000029304,ENSMUSG00000058427,ENSMUSG00000027399,ENSMUSG00000035678"
"GO:MF","lipopeptide binding","GO:0071723","0.012500506696392718","1.9030723829129494","5","38","2","21091","ENSMUSG00000051439,ENSMUSG00000027995"
"GO:MF","receptor ligand activity","GO:0048018","0.014063956986882968","1.8518924705117668","522","38","7","21091","ENSMUSG00000027398,ENSMUSG00000020053,ENSMUSG00000018920,ENSMUSG00000029304,ENSMUSG00000058427,ENSMUSG00000027399,ENSMUSG00000035678"
"GO:MF","signaling receptor activator activity","GO:0030546","0.014942764337698701","1.8255690527511996","527","38","7","21091","ENSMUSG00000027398,ENSMUSG00000020053,ENSMUSG00000018920,ENSMUSG00000029304,ENSMUSG00000058427,ENSMUSG00000027399,ENSMUSG00000035678"
"GO:MF","proteoglycan binding","GO:0043394","0.01871104053375158","1.7279020604154827","39","38","3","21091","ENSMUSG00000002985,ENSMUSG00000021939,ENSMUSG00000015568"
"GO:MF","receptor regulator activity","GO:0030545","0.022958603158128758","1.639054538711823","564","38","7","21091","ENSMUSG00000027398,ENSMUSG00000020053,ENSMUSG00000018920,ENSMUSG00000029304,ENSMUSG00000058427,ENSMUSG00000027399,ENSMUSG00000035678"
"GO:MF","enzyme inhibitor activity","GO:0004857","0.025545590548787914","1.5926840530868118","390","38","6","21091","ENSMUSG00000099974,ENSMUSG00000068129,ENSMUSG00000040564,ENSMUSG00000069792,ENSMUSG00000023067,ENSMUSG00000017466"
"GO:MF","cell adhesion molecule binding","GO:0050839","0.049187519065751764","1.3081450819583762","273","38","5","21091","ENSMUSG00000027398,ENSMUSG00000020053,ENSMUSG00000029304,ENSMUSG00000030342,ENSMUSG00000017466"
"GO:BP","response to stress","GO:0006950","0.0000015589785987301004","5.807159846656712","3858","43","26","21354","ENSMUSG00000027398,ENSMUSG00000002985,ENSMUSG00000020053,ENSMUSG00000051439,ENSMUSG00000089929,ENSMUSG00000099974,ENSMUSG00000102037,ENSMUSG00000027995,ENSMUSG00000018920,ENSMUSG00000029304,ENSMUSG00000030579,ENSMUSG00000031504,ENSMUSG00000068129,ENSMUSG00000030342,ENSMUSG00000058427,ENSMUSG00000027712,ENSMUSG00000015568,ENSMUSG00000003363,ENSMUSG00000069516,ENSMUSG00000006360,ENSMUSG00000069792,ENSMUSG00000015312,ENSMUSG00000023067,ENSMUSG00000017009,ENSMUSG00000032487,ENSMUSG00000027399"
"GO:BP","response to external stimulus","GO:0009605","0.000001847029089770856","5.733526264588196","2947","43","23","21354","ENSMUSG00000027398,ENSMUSG00000002985,ENSMUSG00000020053,ENSMUSG00000051439,ENSMUSG00000025351,ENSMUSG00000027995,ENSMUSG00000018920,ENSMUSG00000029304,ENSMUSG00000031504,ENSMUSG00000068129,ENSMUSG00000030342,ENSMUSG00000058427,ENSMUSG00000027712,ENSMUSG00000015568,ENSMUSG00000003363,ENSMUSG00000069516,ENSMUSG00000000682,ENSMUSG00000069792,ENSMUSG00000023067,ENSMUSG00000072620,ENSMUSG00000024014,ENSMUSG00000032487,ENSMUSG00000027399"
"GO:BP","immune system process","GO:0002376","0.000003999365801959832","5.39800887130857","2771","43","22","21354","ENSMUSG00000027398,ENSMUSG00000002985,ENSMUSG00000020053,ENSMUSG00000051439,ENSMUSG00000099974,ENSMUSG00000102037,ENSMUSG00000027995,ENSMUSG00000018920,ENSMUSG00000029304,ENSMUSG00000030579,ENSMUSG00000015396,ENSMUSG00000031504,ENSMUSG00000068129,ENSMUSG00000030342,ENSMUSG00000058427,ENSMUSG00000003363,ENSMUSG00000069792,ENSMUSG00000023067,ENSMUSG00000017009,ENSMUSG00000024014,ENSMUSG00000027399,ENSMUSG00000035678"
"GO:BP","negative regulation of cell population proliferation","GO:0008285","0.000017916105578028754","4.746756386960762","701","43","12","21354","ENSMUSG00000027398,ENSMUSG00000002985,ENSMUSG00000020053,ENSMUSG00000027995,ENSMUSG00000030579,ENSMUSG00000030342,ENSMUSG00000023067,ENSMUSG00000017009,ENSMUSG00000072620,ENSMUSG00000032487,ENSMUSG00000027399,ENSMUSG00000017466"
"GO:BP","cell death","GO:0008219","0.00001894665322428621","4.722467493589867","2170","43","19","21354","ENSMUSG00000027398,ENSMUSG00000002985,ENSMUSG00000020053,ENSMUSG00000089929,ENSMUSG00000099974,ENSMUSG00000021939,ENSMUSG00000102037,ENSMUSG00000029304,ENSMUSG00000030579,ENSMUSG00000058427,ENSMUSG00000027712,ENSMUSG00000046223,ENSMUSG00000007891,ENSMUSG00000006360,ENSMUSG00000015312,ENSMUSG00000023067,ENSMUSG00000024014,ENSMUSG00000032487,ENSMUSG00000027399"
"GO:BP","extrinsic apoptotic signaling pathway in absence of ligand","GO:0097192","0.00002406772101073642","4.618565031425019","79","43","6","21354","ENSMUSG00000027398,ENSMUSG00000020053,ENSMUSG00000089929,ENSMUSG00000099974,ENSMUSG00000102037,ENSMUSG00000027399"
"GO:BP","signal transduction in absence of ligand","GO:0038034","0.00002406772101073642","4.618565031425019","79","43","6","21354","ENSMUSG00000027398,ENSMUSG00000020053,ENSMUSG00000089929,ENSMUSG00000099974,ENSMUSG00000102037,ENSMUSG00000027399"
"GO:BP","apoptotic signaling pathway","GO:0097190","0.0000416645829092264","4.380232961399304","600","43","11","21354","ENSMUSG00000027398,ENSMUSG00000020053,ENSMUSG00000089929,ENSMUSG00000099974,ENSMUSG00000102037,ENSMUSG00000030579,ENSMUSG00000046223,ENSMUSG00000006360,ENSMUSG00000023067,ENSMUSG00000032487,ENSMUSG00000027399"
"GO:BP","positive regulation of interleukin-6 production","GO:0032755","0.00009417775338244728","4.0260516738980066","99","43","6","21354","ENSMUSG00000027398,ENSMUSG00000027995,ENSMUSG00000030579,ENSMUSG00000015568,ENSMUSG00000027399,ENSMUSG00000035678"
"GO:BP","negative regulation of catalytic activity","GO:0043086","0.00010256373368500373","3.9890061776723775","821","43","12","21354","ENSMUSG00000027398,ENSMUSG00000002985,ENSMUSG00000020053,ENSMUSG00000099974,ENSMUSG00000068129,ENSMUSG00000040564,ENSMUSG00000046223,ENSMUSG00000069792,ENSMUSG00000015312,ENSMUSG00000023067,ENSMUSG00000032487,ENSMUSG00000017466"
"GO:BP","regulation of cytokine production","GO:0001817","0.00014477492536509073","3.8393066502836413","678","43","11","21354","ENSMUSG00000027398,ENSMUSG00000020053,ENSMUSG00000051439,ENSMUSG00000027995,ENSMUSG00000030579,ENSMUSG00000015396,ENSMUSG00000015568,ENSMUSG00000003363,ENSMUSG00000032487,ENSMUSG00000027399,ENSMUSG00000035678"
"GO:BP","response to temperature stimulus","GO:0009266","0.00017498866199765648","3.7569900895501114","186","43","7","21354","ENSMUSG00000020053,ENSMUSG00000051439,ENSMUSG00000058427,ENSMUSG00000015568,ENSMUSG00000023067,ENSMUSG00000032487,ENSMUSG00000027399"
"GO:BP","apoptotic process","GO:0006915","0.00017849927116402752","3.7483635528295878","1954","43","17","21354","ENSMUSG00000027398,ENSMUSG00000002985,ENSMUSG00000020053,ENSMUSG00000089929,ENSMUSG00000099974,ENSMUSG00000102037,ENSMUSG00000029304,ENSMUSG00000030579,ENSMUSG00000027712,ENSMUSG00000046223,ENSMUSG00000007891,ENSMUSG00000006360,ENSMUSG00000015312,ENSMUSG00000023067,ENSMUSG00000024014,ENSMUSG00000032487,ENSMUSG00000027399"
"GO:BP","response to heat","GO:0009408","0.00020797316724604007","3.681992694213699","113","43","6","21354","ENSMUSG00000020053,ENSMUSG00000051439,ENSMUSG00000058427,ENSMUSG00000023067,ENSMUSG00000032487,ENSMUSG00000027399"
"GO:BP","regulation of cell activation","GO:0050865","0.0002210670662150098","3.655475952249141","707","43","11","21354","ENSMUSG00000027398,ENSMUSG00000002985,ENSMUSG00000020053,ENSMUSG00000030579,ENSMUSG00000015396,ENSMUSG00000068129,ENSMUSG00000030342,ENSMUSG00000023067,ENSMUSG00000017009,ENSMUSG00000027399,ENSMUSG00000035678"
"GO:BP","positive regulation of cytokine production","GO:0001819","0.00025754817732571815","3.5891415192844076","419","43","9","21354","ENSMUSG00000027398,ENSMUSG00000051439,ENSMUSG00000027995,ENSMUSG00000030579,ENSMUSG00000015396,ENSMUSG00000015568,ENSMUSG00000032487,ENSMUSG00000027399,ENSMUSG00000035678"
"GO:BP","programmed cell death","GO:0012501","0.00026764345637267514","3.572443370236757","2009","43","17","21354","ENSMUSG00000027398,ENSMUSG00000002985,ENSMUSG00000020053,ENSMUSG00000089929,ENSMUSG00000099974,ENSMUSG00000102037,ENSMUSG00000029304,ENSMUSG00000030579,ENSMUSG00000027712,ENSMUSG00000046223,ENSMUSG00000007891,ENSMUSG00000006360,ENSMUSG00000015312,ENSMUSG00000023067,ENSMUSG00000024014,ENSMUSG00000032487,ENSMUSG00000027399"
"GO:BP","positive regulation of cell adhesion","GO:0045785","0.0002847872517570635","3.545479455398515","424","43","9","21354","ENSMUSG00000027398,ENSMUSG00000020053,ENSMUSG00000025351,ENSMUSG00000029304,ENSMUSG00000015396,ENSMUSG00000046223,ENSMUSG00000017009,ENSMUSG00000027399,ENSMUSG00000035678"
"GO:BP","regulation of cell death","GO:0010941","0.00029536595163969436","3.5296395695090172","1770","43","16","21354","ENSMUSG00000027398,ENSMUSG00000002985,ENSMUSG00000020053,ENSMUSG00000089929,ENSMUSG00000099974,ENSMUSG00000021939,ENSMUSG00000102037,ENSMUSG00000029304,ENSMUSG00000030579,ENSMUSG00000027712,ENSMUSG00000046223,ENSMUSG00000007891,ENSMUSG00000015312,ENSMUSG00000023067,ENSMUSG00000024014,ENSMUSG00000032487"
"GO:BP","response to bacterium","GO:0009617","0.0003069354348567545","3.5129529705632803","908","43","12","21354","ENSMUSG00000027398,ENSMUSG00000051439,ENSMUSG00000027995,ENSMUSG00000018920,ENSMUSG00000058427,ENSMUSG00000015568,ENSMUSG00000069516,ENSMUSG00000000682,ENSMUSG00000069792,ENSMUSG00000072620,ENSMUSG00000032487,ENSMUSG00000027399"
"GO:BP","positive regulation of lipid localization","GO:1905954","0.00032829875390872276","3.483730765676364","122","43","6","21354","ENSMUSG00000027398,ENSMUSG00000002985,ENSMUSG00000029304,ENSMUSG00000074336,ENSMUSG00000015568,ENSMUSG00000027399"
"GO:BP","biological process involved in interspecies interaction between organisms","GO:0044419","0.00036112680671131507","3.442340272374353","1796","43","16","21354","ENSMUSG00000027398,ENSMUSG00000002985,ENSMUSG00000051439,ENSMUSG00000021939,ENSMUSG00000027995,ENSMUSG00000018920,ENSMUSG00000031504,ENSMUSG00000058427,ENSMUSG00000015568,ENSMUSG00000003363,ENSMUSG00000069516,ENSMUSG00000000682,ENSMUSG00000069792,ENSMUSG00000072620,ENSMUSG00000032487,ENSMUSG00000027399"
"GO:BP","cell activation","GO:0001775","0.0003629695363450955","3.440129823317624","1118","43","13","21354","ENSMUSG00000027398,ENSMUSG00000002985,ENSMUSG00000020053,ENSMUSG00000099974,ENSMUSG00000027995,ENSMUSG00000030579,ENSMUSG00000015396,ENSMUSG00000068129,ENSMUSG00000030342,ENSMUSG00000023067,ENSMUSG00000017009,ENSMUSG00000027399,ENSMUSG00000035678"
"GO:BP","inflammatory response","GO:0006954","0.00038960335987658803","3.4093773064916504","748","43","11","21354","ENSMUSG00000027398,ENSMUSG00000002985,ENSMUSG00000020053,ENSMUSG00000051439,ENSMUSG00000027995,ENSMUSG00000068129,ENSMUSG00000058427,ENSMUSG00000015568,ENSMUSG00000003363,ENSMUSG00000032487,ENSMUSG00000027399"
"GO:BP","cytokine production","GO:0001816","0.0004164891220880623","3.38039633706349","753","43","11","21354","ENSMUSG00000027398,ENSMUSG00000020053,ENSMUSG00000051439,ENSMUSG00000027995,ENSMUSG00000030579,ENSMUSG00000015396,ENSMUSG00000015568,ENSMUSG00000003363,ENSMUSG00000032487,ENSMUSG00000027399,ENSMUSG00000035678"
"GO:BP","regulation of apoptotic process","GO:0042981","0.00044373747554695943","3.3528738916892","1580","43","15","21354","ENSMUSG00000027398,ENSMUSG00000002985,ENSMUSG00000020053,ENSMUSG00000089929,ENSMUSG00000099974,ENSMUSG00000102037,ENSMUSG00000029304,ENSMUSG00000030579,ENSMUSG00000027712,ENSMUSG00000046223,ENSMUSG00000007891,ENSMUSG00000015312,ENSMUSG00000023067,ENSMUSG00000024014,ENSMUSG00000032487"
"GO:BP","regulation of lipid localization","GO:1905952","0.0004548384087496722","3.342142868514382","214","43","7","21354","ENSMUSG00000027398,ENSMUSG00000002985,ENSMUSG00000029304,ENSMUSG00000074336,ENSMUSG00000040564,ENSMUSG00000015568,ENSMUSG00000027399"
"GO:BP","response to other organism","GO:0051707","0.0004585595923369098","3.3386042173737938","1584","43","15","21354","ENSMUSG00000027398,ENSMUSG00000002985,ENSMUSG00000051439,ENSMUSG00000027995,ENSMUSG00000018920,ENSMUSG00000031504,ENSMUSG00000058427,ENSMUSG00000015568,ENSMUSG00000003363,ENSMUSG00000069516,ENSMUSG00000000682,ENSMUSG00000069792,ENSMUSG00000072620,ENSMUSG00000032487,ENSMUSG00000027399"
"GO:BP","response to external biotic stimulus","GO:0043207","0.00046997016103623914","3.3279297150614875","1587","43","15","21354","ENSMUSG00000027398,ENSMUSG00000002985,ENSMUSG00000051439,ENSMUSG00000027995,ENSMUSG00000018920,ENSMUSG00000031504,ENSMUSG00000058427,ENSMUSG00000015568,ENSMUSG00000003363,ENSMUSG00000069516,ENSMUSG00000000682,ENSMUSG00000069792,ENSMUSG00000072620,ENSMUSG00000032487,ENSMUSG00000027399"
"GO:BP","negative regulation of molecular function","GO:0044092","0.0005889532399037544","3.229919184767936","1166","43","13","21354","ENSMUSG00000027398,ENSMUSG00000002985,ENSMUSG00000020053,ENSMUSG00000099974,ENSMUSG00000068129,ENSMUSG00000040564,ENSMUSG00000046223,ENSMUSG00000069792,ENSMUSG00000015312,ENSMUSG00000023067,ENSMUSG00000024014,ENSMUSG00000032487,ENSMUSG00000017466"
"GO:BP","regulation of programmed cell death","GO:0043067","0.0005991380564779072","3.2224730937071895","1617","43","15","21354","ENSMUSG00000027398,ENSMUSG00000002985,ENSMUSG00000020053,ENSMUSG00000089929,ENSMUSG00000099974,ENSMUSG00000102037,ENSMUSG00000029304,ENSMUSG00000030579,ENSMUSG00000027712,ENSMUSG00000046223,ENSMUSG00000007891,ENSMUSG00000015312,ENSMUSG00000023067,ENSMUSG00000024014,ENSMUSG00000032487"
"GO:BP","regulation of lymphocyte proliferation","GO:0050670","0.0006012520962254162","3.2209433964766663","223","43","7","21354","ENSMUSG00000027398,ENSMUSG00000020053,ENSMUSG00000030579,ENSMUSG00000023067,ENSMUSG00000017009,ENSMUSG00000027399,ENSMUSG00000035678"
"GO:BP","response to biotic stimulus","GO:0009607","0.000613685179763069","3.2120543646170563","1620","43","15","21354","ENSMUSG00000027398,ENSMUSG00000002985,ENSMUSG00000051439,ENSMUSG00000027995,ENSMUSG00000018920,ENSMUSG00000031504,ENSMUSG00000058427,ENSMUSG00000015568,ENSMUSG00000003363,ENSMUSG00000069516,ENSMUSG00000000682,ENSMUSG00000069792,ENSMUSG00000072620,ENSMUSG00000032487,ENSMUSG00000027399"
"GO:BP","regulation of mononuclear cell proliferation","GO:0032944","0.0006581183940871515","3.1816959707120662","226","43","7","21354","ENSMUSG00000027398,ENSMUSG00000020053,ENSMUSG00000030579,ENSMUSG00000023067,ENSMUSG00000017009,ENSMUSG00000027399,ENSMUSG00000035678"
"GO:BP","response to lipid","GO:0033993","0.0007131817300139864","3.1467997909253724","982","43","12","21354","ENSMUSG00000027398,ENSMUSG00000020053,ENSMUSG00000051439,ENSMUSG00000027995,ENSMUSG00000018920,ENSMUSG00000029304,ENSMUSG00000058427,ENSMUSG00000015568,ENSMUSG00000023067,ENSMUSG00000024014,ENSMUSG00000032487,ENSMUSG00000027399"
"GO:BP","regulation of multicellular organismal process","GO:0051239","0.0009926019707489368","3.0032248668733934","2773","43","19","21354","ENSMUSG00000027398,ENSMUSG00000002985,ENSMUSG00000020053,ENSMUSG00000051439,ENSMUSG00000025351,ENSMUSG00000027995,ENSMUSG00000029304,ENSMUSG00000030579,ENSMUSG00000015396,ENSMUSG00000068129,ENSMUSG00000030342,ENSMUSG00000040564,ENSMUSG00000027712,ENSMUSG00000015568,ENSMUSG00000003363,ENSMUSG00000024014,ENSMUSG00000032487,ENSMUSG00000027399,ENSMUSG00000035678"
"GO:BP","negative regulation of biological process","GO:0048519","0.0010864912364821923","2.963973772300452","5611","43","27","21354","ENSMUSG00000027398,ENSMUSG00000002985,ENSMUSG00000020053,ENSMUSG00000089929,ENSMUSG00000099974,ENSMUSG00000025351,ENSMUSG00000021939,ENSMUSG00000102037,ENSMUSG00000027995,ENSMUSG00000029304,ENSMUSG00000030579,ENSMUSG00000015396,ENSMUSG00000068129,ENSMUSG00000030342,ENSMUSG00000040564,ENSMUSG00000027712,ENSMUSG00000046223,ENSMUSG00000015568,ENSMUSG00000069792,ENSMUSG00000015312,ENSMUSG00000023067,ENSMUSG00000017009,ENSMUSG00000072620,ENSMUSG00000024014,ENSMUSG00000032487,ENSMUSG00000027399,ENSMUSG00000017466"
"GO:BP","regulation of leukocyte proliferation","GO:0070663","0.0011656175456480615","2.9334439239004","246","43","7","21354","ENSMUSG00000027398,ENSMUSG00000020053,ENSMUSG00000030579,ENSMUSG00000023067,ENSMUSG00000017009,ENSMUSG00000027399,ENSMUSG00000035678"
"GO:BP","defense response","GO:0006952","0.0013972753118085286","2.854718014344584","1727","43","15","21354","ENSMUSG00000027398,ENSMUSG00000002985,ENSMUSG00000020053,ENSMUSG00000051439,ENSMUSG00000027995,ENSMUSG00000018920,ENSMUSG00000031504,ENSMUSG00000068129,ENSMUSG00000058427,ENSMUSG00000015568,ENSMUSG00000003363,ENSMUSG00000069516,ENSMUSG00000069792,ENSMUSG00000032487,ENSMUSG00000027399"
"GO:BP","regulation of interleukin-6 production","GO:0032675","0.001567978126976878","2.8046599999420785","159","43","6","21354","ENSMUSG00000027398,ENSMUSG00000027995,ENSMUSG00000030579,ENSMUSG00000015568,ENSMUSG00000027399,ENSMUSG00000035678"
"GO:BP","response to wounding","GO:0009611","0.0016051509177330287","2.7944841285816104","521","43","9","21354","ENSMUSG00000002985,ENSMUSG00000020053,ENSMUSG00000030579,ENSMUSG00000030342,ENSMUSG00000058427,ENSMUSG00000027712,ENSMUSG00000023067,ENSMUSG00000017009,ENSMUSG00000027399"
"GO:BP","regulation of catalytic activity","GO:0050790","0.0016183725580427208","2.7909214942953717","2277","43","17","21354","ENSMUSG00000027398,ENSMUSG00000002985,ENSMUSG00000020053,ENSMUSG00000099974,ENSMUSG00000021939,ENSMUSG00000068129,ENSMUSG00000040564,ENSMUSG00000046223,ENSMUSG00000007891,ENSMUSG00000069792,ENSMUSG00000015312,ENSMUSG00000023067,ENSMUSG00000017009,ENSMUSG00000024014,ENSMUSG00000032487,ENSMUSG00000027399,ENSMUSG00000017466"
"GO:BP","regulation of localization","GO:0032879","0.0016188845994552328","2.790784108384401","2861","43","19","21354","ENSMUSG00000027398,ENSMUSG00000002985,ENSMUSG00000020053,ENSMUSG00000051439,ENSMUSG00000025351,ENSMUSG00000027995,ENSMUSG00000018920,ENSMUSG00000029304,ENSMUSG00000074336,ENSMUSG00000030579,ENSMUSG00000030342,ENSMUSG00000040564,ENSMUSG00000027712,ENSMUSG00000015568,ENSMUSG00000007891,ENSMUSG00000017009,ENSMUSG00000024014,ENSMUSG00000032487,ENSMUSG00000027399"
"GO:BP","wound healing","GO:0042060","0.0017375905822730002","2.7600525459574716","383","43","8","21354","ENSMUSG00000002985,ENSMUSG00000020053,ENSMUSG00000030342,ENSMUSG00000058427,ENSMUSG00000027712,ENSMUSG00000023067,ENSMUSG00000017009,ENSMUSG00000027399"
"GO:BP","positive regulation of lipid biosynthetic process","GO:0046889","0.0022194867365874253","2.6537474459276904","91","43","5","21354","ENSMUSG00000027398,ENSMUSG00000002985,ENSMUSG00000020053,ENSMUSG00000032487,ENSMUSG00000027399"
"GO:BP","interleukin-6 production","GO:0032635","0.0023994719490367223","2.619884322810023","171","43","6","21354","ENSMUSG00000027398,ENSMUSG00000027995,ENSMUSG00000030579,ENSMUSG00000015568,ENSMUSG00000027399,ENSMUSG00000035678"
"GO:BP","regulation of cell adhesion","GO:0030155","0.0025688927188868564","2.590254032194653","719","43","10","21354","ENSMUSG00000027398,ENSMUSG00000020053,ENSMUSG00000025351,ENSMUSG00000029304,ENSMUSG00000015396,ENSMUSG00000030342,ENSMUSG00000046223,ENSMUSG00000017009,ENSMUSG00000027399,ENSMUSG00000035678"
"GO:BP","negative regulation of cysteine-type endopeptidase activity","GO:2000117","0.002608109320486146","2.5836742088416287","94","43","5","21354","ENSMUSG00000020053,ENSMUSG00000099974,ENSMUSG00000068129,ENSMUSG00000046223,ENSMUSG00000032487"
"GO:BP","negative regulation of endopeptidase activity","GO:0010951","0.0026427224458737677","2.5779484466129547","278","43","7","21354","ENSMUSG00000020053,ENSMUSG00000099974,ENSMUSG00000068129,ENSMUSG00000046223,ENSMUSG00000069792,ENSMUSG00000032487,ENSMUSG00000017466"
"GO:BP","positive regulation of cell differentiation","GO:0045597","0.002893136289411394","2.5386311071936563","916","43","11","21354","ENSMUSG00000027398,ENSMUSG00000002985,ENSMUSG00000020053,ENSMUSG00000027995,ENSMUSG00000030579,ENSMUSG00000015396,ENSMUSG00000015568,ENSMUSG00000024014,ENSMUSG00000032487,ENSMUSG00000035678,ENSMUSG00000017466"
"GO:BP","macromolecule localization","GO:0033036","0.0031101018661741464","2.5072253861523217","2984","43","19","21354","ENSMUSG00000027398,ENSMUSG00000002985,ENSMUSG00000020053,ENSMUSG00000025351,ENSMUSG00000027995,ENSMUSG00000029304,ENSMUSG00000074336,ENSMUSG00000030579,ENSMUSG00000031504,ENSMUSG00000040564,ENSMUSG00000027712,ENSMUSG00000015568,ENSMUSG00000007891,ENSMUSG00000038352,ENSMUSG00000022415,ENSMUSG00000023067,ENSMUSG00000021281,ENSMUSG00000032487,ENSMUSG00000027399"
"GO:BP","negative regulation of cell death","GO:0060548","0.0033675057513161484","2.4726916538788495","1137","43","12","21354","ENSMUSG00000027398,ENSMUSG00000002985,ENSMUSG00000020053,ENSMUSG00000089929,ENSMUSG00000099974,ENSMUSG00000021939,ENSMUSG00000102037,ENSMUSG00000029304,ENSMUSG00000046223,ENSMUSG00000023067,ENSMUSG00000024014,ENSMUSG00000032487"
"GO:BP","negative regulation of peptidase activity","GO:0010466","0.0034213947302627772","2.465796817868257","289","43","7","21354","ENSMUSG00000020053,ENSMUSG00000099974,ENSMUSG00000068129,ENSMUSG00000046223,ENSMUSG00000069792,ENSMUSG00000032487,ENSMUSG00000017466"
"GO:BP","negative regulation of cellular process","GO:0048523","0.003458173723311581","2.461153193485317","5115","43","25","21354","ENSMUSG00000027398,ENSMUSG00000002985,ENSMUSG00000020053,ENSMUSG00000089929,ENSMUSG00000099974,ENSMUSG00000025351,ENSMUSG00000021939,ENSMUSG00000102037,ENSMUSG00000027995,ENSMUSG00000029304,ENSMUSG00000030579,ENSMUSG00000068129,ENSMUSG00000030342,ENSMUSG00000027712,ENSMUSG00000046223,ENSMUSG00000015568,ENSMUSG00000069792,ENSMUSG00000015312,ENSMUSG00000023067,ENSMUSG00000017009,ENSMUSG00000072620,ENSMUSG00000024014,ENSMUSG00000032487,ENSMUSG00000027399,ENSMUSG00000017466"
"GO:BP","intrinsic apoptotic signaling pathway","GO:0097193","0.00350082447770259","2.45582966309276","290","43","7","21354","ENSMUSG00000089929,ENSMUSG00000099974,ENSMUSG00000102037,ENSMUSG00000046223,ENSMUSG00000006360,ENSMUSG00000023067,ENSMUSG00000032487"
"GO:BP","regulation of cell-cell adhesion","GO:0022407","0.0035255661923327313","2.452771127052749","421","43","8","21354","ENSMUSG00000027398,ENSMUSG00000020053,ENSMUSG00000015396,ENSMUSG00000030342,ENSMUSG00000046223,ENSMUSG00000017009,ENSMUSG00000027399,ENSMUSG00000035678"
"GO:BP","response to cytokine","GO:0034097","0.00434127257121861","2.362382945684012","955","43","11","21354","ENSMUSG00000027398,ENSMUSG00000051439,ENSMUSG00000027995,ENSMUSG00000018920,ENSMUSG00000029304,ENSMUSG00000031504,ENSMUSG00000058427,ENSMUSG00000022415,ENSMUSG00000032487,ENSMUSG00000027399,ENSMUSG00000017466"
"GO:BP","fever generation","GO:0001660","0.004468324943724783","2.3498552518198133","13","43","3","21354","ENSMUSG00000027398,ENSMUSG00000032487,ENSMUSG00000027399"
"GO:BP","regulation of proteolysis","GO:0030162","0.005400264574727132","2.2675849623012403","781","43","10","21354","ENSMUSG00000027398,ENSMUSG00000002985,ENSMUSG00000020053,ENSMUSG00000099974,ENSMUSG00000068129,ENSMUSG00000046223,ENSMUSG00000007891,ENSMUSG00000069792,ENSMUSG00000032487,ENSMUSG00000017466"
"GO:BP","intrinsic apoptotic signaling pathway in response to DNA damage","GO:0008630","0.00542882073154229","2.2652944992150887","109","43","5","21354","ENSMUSG00000089929,ENSMUSG00000099974,ENSMUSG00000102037,ENSMUSG00000006360,ENSMUSG00000023067"
"GO:BP","lymphocyte proliferation","GO:0046651","0.005563228586807324","2.2546730950206135","311","43","7","21354","ENSMUSG00000027398,ENSMUSG00000020053,ENSMUSG00000030579,ENSMUSG00000023067,ENSMUSG00000017009,ENSMUSG00000027399,ENSMUSG00000035678"
"GO:BP","cellular response to lipid","GO:0071396","0.005656918123743843","2.247420107040672","607","43","9","21354","ENSMUSG00000027398,ENSMUSG00000020053,ENSMUSG00000051439,ENSMUSG00000018920,ENSMUSG00000029304,ENSMUSG00000058427,ENSMUSG00000015568,ENSMUSG00000024014,ENSMUSG00000027399"
"GO:BP","response to organic substance","GO:0010033","0.005806995132778356","2.236048537977075","3434","43","20","21354","ENSMUSG00000027398,ENSMUSG00000002985,ENSMUSG00000020053,ENSMUSG00000051439,ENSMUSG00000025351,ENSMUSG00000027995,ENSMUSG00000018920,ENSMUSG00000029304,ENSMUSG00000015396,ENSMUSG00000031504,ENSMUSG00000030342,ENSMUSG00000058427,ENSMUSG00000027712,ENSMUSG00000015568,ENSMUSG00000022415,ENSMUSG00000023067,ENSMUSG00000024014,ENSMUSG00000032487,ENSMUSG00000027399,ENSMUSG00000017466"
"GO:BP","mononuclear cell proliferation","GO:0032943","0.0059273684624546125","2.2271380749143423","314","43","7","21354","ENSMUSG00000027398,ENSMUSG00000020053,ENSMUSG00000030579,ENSMUSG00000023067,ENSMUSG00000017009,ENSMUSG00000027399,ENSMUSG00000035678"
"GO:BP","regulation of endopeptidase activity","GO:0052548","0.006172132324230831","2.209564771677709","454","43","8","21354","ENSMUSG00000020053,ENSMUSG00000099974,ENSMUSG00000068129,ENSMUSG00000046223,ENSMUSG00000007891,ENSMUSG00000069792,ENSMUSG00000032487,ENSMUSG00000017466"
"GO:BP","leukocyte activation","GO:0045321","0.006519205132522936","2.1858053532869888","996","43","11","21354","ENSMUSG00000027398,ENSMUSG00000020053,ENSMUSG00000099974,ENSMUSG00000027995,ENSMUSG00000030579,ENSMUSG00000015396,ENSMUSG00000068129,ENSMUSG00000023067,ENSMUSG00000017009,ENSMUSG00000027399,ENSMUSG00000035678"
"GO:BP","negative regulation of apoptotic process","GO:0043066","0.006582578007520148","2.181603985539812","997","43","11","21354","ENSMUSG00000027398,ENSMUSG00000002985,ENSMUSG00000020053,ENSMUSG00000089929,ENSMUSG00000099974,ENSMUSG00000102037,ENSMUSG00000029304,ENSMUSG00000046223,ENSMUSG00000023067,ENSMUSG00000024014,ENSMUSG00000032487"
"GO:BP","negative regulation of hydrolase activity","GO:0051346","0.008095685620623233","2.0917463651138997","471","43","8","21354","ENSMUSG00000020053,ENSMUSG00000099974,ENSMUSG00000068129,ENSMUSG00000040564,ENSMUSG00000046223,ENSMUSG00000069792,ENSMUSG00000032487,ENSMUSG00000017466"
"GO:BP","negative regulation of programmed cell death","GO:0043069","0.008121008615720545","2.09039002875895","1019","43","11","21354","ENSMUSG00000027398,ENSMUSG00000002985,ENSMUSG00000020053,ENSMUSG00000089929,ENSMUSG00000099974,ENSMUSG00000102037,ENSMUSG00000029304,ENSMUSG00000046223,ENSMUSG00000023067,ENSMUSG00000024014,ENSMUSG00000032487"
"GO:BP","immune response","GO:0006955","0.008422379192748979","2.074565209649159","1727","43","14","21354","ENSMUSG00000027398,ENSMUSG00000002985,ENSMUSG00000051439,ENSMUSG00000099974,ENSMUSG00000027995,ENSMUSG00000018920,ENSMUSG00000030579,ENSMUSG00000031504,ENSMUSG00000068129,ENSMUSG00000058427,ENSMUSG00000003363,ENSMUSG00000069792,ENSMUSG00000027399,ENSMUSG00000035678"
"GO:BP","cellular response to oxygen-containing compound","GO:1901701","0.008504399010862857","2.0703563717031614","1243","43","12","21354","ENSMUSG00000027398,ENSMUSG00000020053,ENSMUSG00000051439,ENSMUSG00000027995,ENSMUSG00000018920,ENSMUSG00000029304,ENSMUSG00000058427,ENSMUSG00000027712,ENSMUSG00000015568,ENSMUSG00000024014,ENSMUSG00000032487,ENSMUSG00000027399"
"GO:BP","regulation of peptidase activity","GO:0052547","0.010041787657508522","1.9981889664059402","485","43","8","21354","ENSMUSG00000020053,ENSMUSG00000099974,ENSMUSG00000068129,ENSMUSG00000046223,ENSMUSG00000007891,ENSMUSG00000069792,ENSMUSG00000032487,ENSMUSG00000017466"
"GO:BP","negative regulation of cellular protein metabolic process","GO:0032269","0.010245322995168575","1.989474345431824","1044","43","11","21354","ENSMUSG00000027398,ENSMUSG00000002985,ENSMUSG00000020053,ENSMUSG00000099974,ENSMUSG00000068129,ENSMUSG00000046223,ENSMUSG00000069792,ENSMUSG00000015312,ENSMUSG00000023067,ENSMUSG00000032487,ENSMUSG00000017466"
"GO:BP","sequestering of triglyceride","GO:0030730","0.010564443305395748","1.9761533832084168","17","43","3","21354","ENSMUSG00000027398,ENSMUSG00000074336,ENSMUSG00000015568"
"GO:BP","leukocyte proliferation","GO:0070661","0.01059748299804552","1.9747972715147246","343","43","7","21354","ENSMUSG00000027398,ENSMUSG00000020053,ENSMUSG00000030579,ENSMUSG00000023067,ENSMUSG00000017009,ENSMUSG00000027399,ENSMUSG00000035678"
"GO:BP","regulation of cell population proliferation","GO:0042127","0.011151748350716624","1.9526570393831038","1769","43","14","21354","ENSMUSG00000027398,ENSMUSG00000002985,ENSMUSG00000020053,ENSMUSG00000027995,ENSMUSG00000030579,ENSMUSG00000030342,ENSMUSG00000023067,ENSMUSG00000017009,ENSMUSG00000072620,ENSMUSG00000024014,ENSMUSG00000032487,ENSMUSG00000027399,ENSMUSG00000035678,ENSMUSG00000017466"
"GO:BP","regulation of leukocyte activation","GO:0002694","0.011313712027252714","1.9463948797379764","661","43","9","21354","ENSMUSG00000027398,ENSMUSG00000020053,ENSMUSG00000030579,ENSMUSG00000015396,ENSMUSG00000068129,ENSMUSG00000023067,ENSMUSG00000017009,ENSMUSG00000027399,ENSMUSG00000035678"
"GO:BP","regulation of inflammatory response","GO:0050727","0.01143354161808925","1.941819223064977","347","43","7","21354","ENSMUSG00000027398,ENSMUSG00000002985,ENSMUSG00000020053,ENSMUSG00000027995,ENSMUSG00000068129,ENSMUSG00000015568,ENSMUSG00000032487"
"GO:BP","extrinsic apoptotic signaling pathway","GO:0097191","0.011442933853223064","1.9414626125262902","224","43","6","21354","ENSMUSG00000027398,ENSMUSG00000020053,ENSMUSG00000089929,ENSMUSG00000099974,ENSMUSG00000102037,ENSMUSG00000027399"
"GO:BP","positive regulation of multicellular organismal process","GO:0051240","0.011475833418826173","1.9402157645223843","1519","43","13","21354","ENSMUSG00000027398,ENSMUSG00000002985,ENSMUSG00000020053,ENSMUSG00000051439,ENSMUSG00000027995,ENSMUSG00000030579,ENSMUSG00000015396,ENSMUSG00000068129,ENSMUSG00000015568,ENSMUSG00000024014,ENSMUSG00000032487,ENSMUSG00000027399,ENSMUSG00000035678"
"GO:BP","secretion by cell","GO:0032940","0.012569111543177929","1.9006954196515145","859","43","10","21354","ENSMUSG00000027398,ENSMUSG00000002985,ENSMUSG00000020053,ENSMUSG00000027995,ENSMUSG00000029304,ENSMUSG00000027712,ENSMUSG00000022415,ENSMUSG00000021281,ENSMUSG00000017009,ENSMUSG00000027399"
"GO:BP","establishment of localization","GO:0051234","0.013083826155642641","1.8832652349648709","4695","43","23","21354","ENSMUSG00000027398,ENSMUSG00000002985,ENSMUSG00000020053,ENSMUSG00000051439,ENSMUSG00000025351,ENSMUSG00000027995,ENSMUSG00000018920,ENSMUSG00000029304,ENSMUSG00000074336,ENSMUSG00000030579,ENSMUSG00000031504,ENSMUSG00000030342,ENSMUSG00000040564,ENSMUSG00000027712,ENSMUSG00000007891,ENSMUSG00000038352,ENSMUSG00000022415,ENSMUSG00000023067,ENSMUSG00000021281,ENSMUSG00000017009,ENSMUSG00000024014,ENSMUSG00000032487,ENSMUSG00000027399"
"GO:BP","response to oxygen-containing compound","GO:1901700","0.015219448357642563","1.8176010886675205","1817","43","14","21354","ENSMUSG00000027398,ENSMUSG00000020053,ENSMUSG00000051439,ENSMUSG00000027995,ENSMUSG00000018920,ENSMUSG00000029304,ENSMUSG00000030342,ENSMUSG00000058427,ENSMUSG00000027712,ENSMUSG00000015568,ENSMUSG00000023067,ENSMUSG00000024014,ENSMUSG00000032487,ENSMUSG00000027399"
"GO:BP","positive regulation of lymphocyte proliferation","GO:0050671","0.015500908973730685","1.809642834042562","135","43","5","21354","ENSMUSG00000027398,ENSMUSG00000020053,ENSMUSG00000023067,ENSMUSG00000027399,ENSMUSG00000035678"
"GO:BP","negative regulation of protein metabolic process","GO:0051248","0.01600106777319608","1.795851035310698","1094","43","11","21354","ENSMUSG00000027398,ENSMUSG00000002985,ENSMUSG00000020053,ENSMUSG00000099974,ENSMUSG00000068129,ENSMUSG00000046223,ENSMUSG00000069792,ENSMUSG00000015312,ENSMUSG00000023067,ENSMUSG00000032487,ENSMUSG00000017466"
"GO:BP","cellular response to molecule of bacterial origin","GO:0071219","0.01618798125312142","1.790807307225284","238","43","6","21354","ENSMUSG00000027398,ENSMUSG00000051439,ENSMUSG00000027995,ENSMUSG00000018920,ENSMUSG00000058427,ENSMUSG00000027399"
"GO:BP","positive regulation of mononuclear cell proliferation","GO:0032946","0.0166526242989288","1.7785173159874272","137","43","5","21354","ENSMUSG00000027398,ENSMUSG00000020053,ENSMUSG00000023067,ENSMUSG00000027399,ENSMUSG00000035678"
"GO:BP","regulation of cysteine-type endopeptidase activity","GO:2000116","0.017803066007811418","1.7495051979377942","242","43","6","21354","ENSMUSG00000020053,ENSMUSG00000099974,ENSMUSG00000068129,ENSMUSG00000046223,ENSMUSG00000007891,ENSMUSG00000032487"
"GO:BP","cell differentiation","GO:0030154","0.017960753676937738","1.7456754432328805","4404","43","22","21354","ENSMUSG00000027398,ENSMUSG00000002985,ENSMUSG00000020053,ENSMUSG00000099974,ENSMUSG00000025351,ENSMUSG00000027995,ENSMUSG00000029304,ENSMUSG00000030579,ENSMUSG00000015396,ENSMUSG00000030342,ENSMUSG00000046223,ENSMUSG00000015568,ENSMUSG00000003363,ENSMUSG00000015312,ENSMUSG00000023067,ENSMUSG00000021281,ENSMUSG00000017009,ENSMUSG00000024014,ENSMUSG00000032487,ENSMUSG00000027399,ENSMUSG00000035678,ENSMUSG00000017466"
"GO:BP","response to lipopolysaccharide","GO:0032496","0.019298903202932552","1.7144673721554078","376","43","7","21354","ENSMUSG00000027398,ENSMUSG00000051439,ENSMUSG00000027995,ENSMUSG00000018920,ENSMUSG00000058427,ENSMUSG00000032487,ENSMUSG00000027399"
"GO:BP","negative regulation of proteolysis","GO:0045861","0.02032125764519853","1.692049417870979","379","43","7","21354","ENSMUSG00000020053,ENSMUSG00000099974,ENSMUSG00000068129,ENSMUSG00000046223,ENSMUSG00000069792,ENSMUSG00000032487,ENSMUSG00000017466"
"GO:BP","export from cell","GO:0140352","0.020452300990846523","1.6892578245069192","908","43","10","21354","ENSMUSG00000027398,ENSMUSG00000002985,ENSMUSG00000020053,ENSMUSG00000027995,ENSMUSG00000029304,ENSMUSG00000027712,ENSMUSG00000022415,ENSMUSG00000021281,ENSMUSG00000017009,ENSMUSG00000027399"
"GO:BP","positive regulation of fat cell differentiation","GO:0045600","0.02075111443337379","1.6829585746498108","67","43","4","21354","ENSMUSG00000020053,ENSMUSG00000015568,ENSMUSG00000024014,ENSMUSG00000032487"
"GO:BP","cellular developmental process","GO:0048869","0.024257666103395883","1.6151509861230104","4483","43","22","21354","ENSMUSG00000027398,ENSMUSG00000002985,ENSMUSG00000020053,ENSMUSG00000099974,ENSMUSG00000025351,ENSMUSG00000027995,ENSMUSG00000029304,ENSMUSG00000030579,ENSMUSG00000015396,ENSMUSG00000030342,ENSMUSG00000046223,ENSMUSG00000015568,ENSMUSG00000003363,ENSMUSG00000015312,ENSMUSG00000023067,ENSMUSG00000021281,ENSMUSG00000017009,ENSMUSG00000024014,ENSMUSG00000032487,ENSMUSG00000027399,ENSMUSG00000035678,ENSMUSG00000017466"
"GO:BP","response to molecule of bacterial origin","GO:0002237","0.02528692965585117","1.5971038995789242","392","43","7","21354","ENSMUSG00000027398,ENSMUSG00000051439,ENSMUSG00000027995,ENSMUSG00000018920,ENSMUSG00000058427,ENSMUSG00000032487,ENSMUSG00000027399"
"GO:BP","positive regulation of leukocyte proliferation","GO:0070665","0.02586818689830815","1.5872340099249098","150","43","5","21354","ENSMUSG00000027398,ENSMUSG00000020053,ENSMUSG00000023067,ENSMUSG00000027399,ENSMUSG00000035678"
"GO:BP","regulation of lymphocyte activation","GO:0051249","0.02613499993916525","1.582777496577143","553","43","8","21354","ENSMUSG00000027398,ENSMUSG00000020053,ENSMUSG00000030579,ENSMUSG00000015396,ENSMUSG00000023067,ENSMUSG00000017009,ENSMUSG00000027399,ENSMUSG00000035678"
"GO:BP","positive regulation of lymphocyte activation","GO:0051251","0.026565358528806548","1.5756843184317684","395","43","7","21354","ENSMUSG00000027398,ENSMUSG00000020053,ENSMUSG00000030579,ENSMUSG00000015396,ENSMUSG00000023067,ENSMUSG00000027399,ENSMUSG00000035678"
"GO:BP","positive regulation of macromolecule metabolic process","GO:0010604","0.0268919834408385","1.5703771648408853","3442","43","19","21354","ENSMUSG00000027398,ENSMUSG00000002985,ENSMUSG00000020053,ENSMUSG00000051439,ENSMUSG00000025351,ENSMUSG00000027995,ENSMUSG00000029304,ENSMUSG00000030579,ENSMUSG00000015396,ENSMUSG00000046223,ENSMUSG00000015568,ENSMUSG00000007891,ENSMUSG00000015312,ENSMUSG00000023067,ENSMUSG00000017009,ENSMUSG00000024014,ENSMUSG00000032487,ENSMUSG00000027399,ENSMUSG00000035678"
"GO:BP","positive regulation of cell-cell adhesion","GO:0022409","0.02736159069970499","1.5628586579744848","261","43","6","21354","ENSMUSG00000027398,ENSMUSG00000020053,ENSMUSG00000015396,ENSMUSG00000046223,ENSMUSG00000027399,ENSMUSG00000035678"
"GO:BP","cellular response to biotic stimulus","GO:0071216","0.02919230351501827","1.5347316342209512","264","43","6","21354","ENSMUSG00000027398,ENSMUSG00000051439,ENSMUSG00000027995,ENSMUSG00000018920,ENSMUSG00000058427,ENSMUSG00000027399"
"GO:BP","regulation of immune system process","GO:0002682","0.029646740497281058","1.5280230480622727","1405","43","12","21354","ENSMUSG00000027398,ENSMUSG00000002985,ENSMUSG00000020053,ENSMUSG00000099974,ENSMUSG00000030579,ENSMUSG00000015396,ENSMUSG00000068129,ENSMUSG00000030342,ENSMUSG00000023067,ENSMUSG00000017009,ENSMUSG00000027399,ENSMUSG00000035678"
"GO:BP","positive regulation of developmental process","GO:0051094","0.03050737208519941","1.5155952010121616","1409","43","12","21354","ENSMUSG00000027398,ENSMUSG00000002985,ENSMUSG00000020053,ENSMUSG00000027995,ENSMUSG00000030579,ENSMUSG00000015396,ENSMUSG00000015568,ENSMUSG00000024014,ENSMUSG00000032487,ENSMUSG00000027399,ENSMUSG00000035678,ENSMUSG00000017466"
"GO:BP","transport","GO:0006810","0.031123041712201253","1.5069179652083573","4550","43","22","21354","ENSMUSG00000027398,ENSMUSG00000002985,ENSMUSG00000020053,ENSMUSG00000051439,ENSMUSG00000025351,ENSMUSG00000027995,ENSMUSG00000018920,ENSMUSG00000029304,ENSMUSG00000074336,ENSMUSG00000030579,ENSMUSG00000031504,ENSMUSG00000030342,ENSMUSG00000040564,ENSMUSG00000027712,ENSMUSG00000038352,ENSMUSG00000022415,ENSMUSG00000023067,ENSMUSG00000021281,ENSMUSG00000017009,ENSMUSG00000024014,ENSMUSG00000032487,ENSMUSG00000027399"
"GO:BP","response to abiotic stimulus","GO:0009628","0.03265695703825014","1.4860242850942997","1180","43","11","21354","ENSMUSG00000027398,ENSMUSG00000020053,ENSMUSG00000051439,ENSMUSG00000027995,ENSMUSG00000030342,ENSMUSG00000058427,ENSMUSG00000015568,ENSMUSG00000006360,ENSMUSG00000023067,ENSMUSG00000032487,ENSMUSG00000027399"
"GO:BP","regulation of establishment of protein localization","GO:0070201","0.03872748744267804","1.4119806782056723","584","43","8","21354","ENSMUSG00000027398,ENSMUSG00000002985,ENSMUSG00000020053,ENSMUSG00000027995,ENSMUSG00000027712,ENSMUSG00000007891,ENSMUSG00000032487,ENSMUSG00000027399"
"GO:BP","regulation of cell motility","GO:2000145","0.04368090092666549","1.3597084128068813","991","43","10","21354","ENSMUSG00000027398,ENSMUSG00000002985,ENSMUSG00000020053,ENSMUSG00000025351,ENSMUSG00000018920,ENSMUSG00000030342,ENSMUSG00000027712,ENSMUSG00000017009,ENSMUSG00000032487,ENSMUSG00000027399"
"GO:BP","positive regulation of vascular endothelial growth factor production","GO:0010575","0.044808817781791306","1.3486365141904484","27","43","3","21354","ENSMUSG00000027398,ENSMUSG00000032487,ENSMUSG00000027399"
"GO:BP","positive regulation of cell communication","GO:0010647","0.04562546357841544","1.3407927098554702","1726","43","13","21354","ENSMUSG00000027398,ENSMUSG00000002985,ENSMUSG00000020053,ENSMUSG00000051439,ENSMUSG00000025351,ENSMUSG00000027995,ENSMUSG00000029304,ENSMUSG00000030579,ENSMUSG00000046223,ENSMUSG00000015312,ENSMUSG00000032487,ENSMUSG00000027399,ENSMUSG00000017466"
"GO:BP","positive regulation of transport","GO:0051050","0.04600996811730467","1.3371480676802907","997","43","10","21354","ENSMUSG00000027398,ENSMUSG00000002985,ENSMUSG00000020053,ENSMUSG00000051439,ENSMUSG00000025351,ENSMUSG00000027995,ENSMUSG00000029304,ENSMUSG00000017009,ENSMUSG00000032487,ENSMUSG00000027399"
"GO:BP","nitric oxide metabolic process","GO:0046209","0.046326955418561334","1.33416624044796","82","43","4","21354","ENSMUSG00000027398,ENSMUSG00000020053,ENSMUSG00000027995,ENSMUSG00000032487"
"GO:BP","positive regulation of signaling","GO:0023056","0.04734173186643152","1.3247558586528814","1732","43","13","21354","ENSMUSG00000027398,ENSMUSG00000002985,ENSMUSG00000020053,ENSMUSG00000051439,ENSMUSG00000025351,ENSMUSG00000027995,ENSMUSG00000029304,ENSMUSG00000030579,ENSMUSG00000046223,ENSMUSG00000015312,ENSMUSG00000032487,ENSMUSG00000027399,ENSMUSG00000017466"
"GO:BP","regulation of tumor necrosis factor production","GO:0032680","0.04868375163084309","1.3126159618759652","171","43","5","21354","ENSMUSG00000020053,ENSMUSG00000051439,ENSMUSG00000030579,ENSMUSG00000015568,ENSMUSG00000027399"
"GO:BP","response to diacyl bacterial lipopeptide","GO:0071724","0.049382954693885935","1.3064229288054432","4","43","2","21354","ENSMUSG00000051439,ENSMUSG00000027995"
"GO:BP","cellular response to diacyl bacterial lipopeptide","GO:0071726","0.049382954693885935","1.3064229288054432","4","43","2","21354","ENSMUSG00000051439,ENSMUSG00000027995"
"GO:BP","reactive oxygen species metabolic process","GO:0072593","0.04959638323843603","1.3045499928013433","290","43","6","21354","ENSMUSG00000027398,ENSMUSG00000020053,ENSMUSG00000027995,ENSMUSG00000030579,ENSMUSG00000023067,ENSMUSG00000032487"
"GO:CC","extracellular space","GO:0005615","2.615079453651699e-9","8.582515111478047","1941","42","21","21259","ENSMUSG00000027398,ENSMUSG00000002985,ENSMUSG00000020053,ENSMUSG00000051439,ENSMUSG00000025351,ENSMUSG00000021939,ENSMUSG00000018920,ENSMUSG00000029304,ENSMUSG00000074336,ENSMUSG00000068129,ENSMUSG00000030342,ENSMUSG00000040564,ENSMUSG00000058427,ENSMUSG00000027712,ENSMUSG00000015568,ENSMUSG00000069516,ENSMUSG00000007891,ENSMUSG00000069792,ENSMUSG00000027399,ENSMUSG00000035678,ENSMUSG00000017466"
"GO:CC","extracellular region","GO:0005576","5.369421880816319e-9","8.270072471746866","2804","42","24","21259","ENSMUSG00000027398,ENSMUSG00000002985,ENSMUSG00000020053,ENSMUSG00000051439,ENSMUSG00000025351,ENSMUSG00000021939,ENSMUSG00000018920,ENSMUSG00000029304,ENSMUSG00000074336,ENSMUSG00000068129,ENSMUSG00000030342,ENSMUSG00000040564,ENSMUSG00000058427,ENSMUSG00000027712,ENSMUSG00000046223,ENSMUSG00000015568,ENSMUSG00000069516,ENSMUSG00000070858,ENSMUSG00000007891,ENSMUSG00000069792,ENSMUSG00000017009,ENSMUSG00000027399,ENSMUSG00000035678,ENSMUSG00000017466"
"GO:CC","cell surface","GO:0009986","0.000002106493170309066","5.676439944608291","1071","42","14","21259","ENSMUSG00000002985,ENSMUSG00000051439,ENSMUSG00000025351,ENSMUSG00000021939,ENSMUSG00000027995,ENSMUSG00000030579,ENSMUSG00000015396,ENSMUSG00000030342,ENSMUSG00000027712,ENSMUSG00000046223,ENSMUSG00000015568,ENSMUSG00000017009,ENSMUSG00000027399,ENSMUSG00000017466"
"GO:CC","triglyceride-rich plasma lipoprotein particle","GO:0034385","0.000011997115903557165","4.92092314542854","19","42","4","21259","ENSMUSG00000002985,ENSMUSG00000074336,ENSMUSG00000040564,ENSMUSG00000015568"
"GO:CC","very-low-density lipoprotein particle","GO:0034361","0.000011997115903557165","4.92092314542854","19","42","4","21259","ENSMUSG00000002985,ENSMUSG00000074336,ENSMUSG00000040564,ENSMUSG00000015568"
"GO:CC","plasma lipoprotein particle","GO:0034358","0.00012414529656836252","3.906069729698628","33","42","4","21259","ENSMUSG00000002985,ENSMUSG00000074336,ENSMUSG00000040564,ENSMUSG00000015568"
"GO:CC","lipoprotein particle","GO:1990777","0.00012414529656836252","3.906069729698628","33","42","4","21259","ENSMUSG00000002985,ENSMUSG00000074336,ENSMUSG00000040564,ENSMUSG00000015568"
"GO:CC","protein-lipid complex","GO:0032994","0.0001779439346890146","3.7497168105597383","36","42","4","21259","ENSMUSG00000002985,ENSMUSG00000074336,ENSMUSG00000040564,ENSMUSG00000015568"
"GO:CC","vesicle","GO:0031982","0.0011404496852406582","2.942923870321009","2064","42","15","21259","ENSMUSG00000027398,ENSMUSG00000002985,ENSMUSG00000020053,ENSMUSG00000025351,ENSMUSG00000021939,ENSMUSG00000027995,ENSMUSG00000029304,ENSMUSG00000031504,ENSMUSG00000068129,ENSMUSG00000030342,ENSMUSG00000027712,ENSMUSG00000003363,ENSMUSG00000069516,ENSMUSG00000007891,ENSMUSG00000022415"
"GO:CC","high-density lipoprotein particle","GO:0034364","0.00384601677077649","2.414988826327438","25","42","3","21259","ENSMUSG00000002985,ENSMUSG00000074336,ENSMUSG00000040564"
"GO:CC","lytic vacuole","GO:0000323","0.007146428049980503","2.1459109743948472","460","42","7","21259","ENSMUSG00000027398,ENSMUSG00000002985,ENSMUSG00000025351,ENSMUSG00000021939,ENSMUSG00000068129,ENSMUSG00000003363,ENSMUSG00000007891"
"GO:CC","lysosome","GO:0005764","0.007146428049980503","2.1459109743948472","460","42","7","21259","ENSMUSG00000027398,ENSMUSG00000002985,ENSMUSG00000025351,ENSMUSG00000021939,ENSMUSG00000068129,ENSMUSG00000003363,ENSMUSG00000007891"
"GO:CC","pigment granule","GO:0048770","0.00883925706909247","2.053584235479284","95","42","4","21259","ENSMUSG00000025351,ENSMUSG00000021939,ENSMUSG00000007891,ENSMUSG00000022415"
"GO:CC","melanosome","GO:0042470","0.00883925706909247","2.053584235479284","95","42","4","21259","ENSMUSG00000025351,ENSMUSG00000021939,ENSMUSG00000007891,ENSMUSG00000022415"
"GO:CC","cytoplasmic vesicle","GO:0031410","0.012824503521179784","1.891959438862196","1920","42","13","21259","ENSMUSG00000027398,ENSMUSG00000002985,ENSMUSG00000020053,ENSMUSG00000025351,ENSMUSG00000021939,ENSMUSG00000027995,ENSMUSG00000031504,ENSMUSG00000068129,ENSMUSG00000027712,ENSMUSG00000003363,ENSMUSG00000069516,ENSMUSG00000007891,ENSMUSG00000022415"
"GO:CC","intracellular vesicle","GO:0097708","0.01317695201121895","1.8801850357050969","1925","42","13","21259","ENSMUSG00000027398,ENSMUSG00000002985,ENSMUSG00000020053,ENSMUSG00000025351,ENSMUSG00000021939,ENSMUSG00000027995,ENSMUSG00000031504,ENSMUSG00000068129,ENSMUSG00000027712,ENSMUSG00000003363,ENSMUSG00000069516,ENSMUSG00000007891,ENSMUSG00000022415"
"GO:CC","vacuole","GO:0005773","0.023877522542737173","1.6220107362459713","557","42","7","21259","ENSMUSG00000027398,ENSMUSG00000002985,ENSMUSG00000025351,ENSMUSG00000021939,ENSMUSG00000068129,ENSMUSG00000003363,ENSMUSG00000007891"
"GO:CC","membrane raft","GO:0045121","0.027594823051541685","1.5591723864505174","393","42","6","21259","ENSMUSG00000051439,ENSMUSG00000021939,ENSMUSG00000027995,ENSMUSG00000007891,ENSMUSG00000017009,ENSMUSG00000032487"
"GO:CC","membrane microdomain","GO:0098857","0.027980728720367973","1.553140979082451","394","42","6","21259","ENSMUSG00000051439,ENSMUSG00000021939,ENSMUSG00000027995,ENSMUSG00000007891,ENSMUSG00000017009,ENSMUSG00000032487"
"KEGG","NF-kappa B signaling pathway","KEGG:04064","6.207230723256596e-8","7.207102111554363","104","28","8","8477","ENSMUSG00000027398,ENSMUSG00000051439,ENSMUSG00000089929,ENSMUSG00000099974,ENSMUSG00000102037,ENSMUSG00000058427,ENSMUSG00000015312,ENSMUSG00000032487"
"KEGG","Acute myeloid leukemia","KEGG:05221","0.0001525363148822672","3.816626749920746","68","28","5","8477","ENSMUSG00000051439,ENSMUSG00000089929,ENSMUSG00000099974,ENSMUSG00000102037,ENSMUSG00000024014"
"KEGG","Transcriptional misregulation in cancer","KEGG:05202","0.00023141909367774662","3.635600811603846","208","28","7","8477","ENSMUSG00000020053,ENSMUSG00000051439,ENSMUSG00000089929,ENSMUSG00000099974,ENSMUSG00000102037,ENSMUSG00000015312,ENSMUSG00000023067"
"KEGG","Apoptosis","KEGG:04210","0.00025796466215122834","3.5884397827338597","135","28","6","8477","ENSMUSG00000089929,ENSMUSG00000099974,ENSMUSG00000021939,ENSMUSG00000102037,ENSMUSG00000007891,ENSMUSG00000015312"
"KEGG","Proteoglycans in cancer","KEGG:05205","0.0021822871178175957","2.6610881109976003","196","28","6","8477","ENSMUSG00000020053,ENSMUSG00000025351,ENSMUSG00000027995,ENSMUSG00000046223,ENSMUSG00000023067,ENSMUSG00000017009"
"KEGG","Legionellosis","KEGG:05134","0.002559264231197392","2.5918848730706596","60","28","4","8477","ENSMUSG00000027398,ENSMUSG00000051439,ENSMUSG00000027995,ENSMUSG00000058427"
"KEGG","Leishmaniasis","KEGG:05140","0.004704209324604277","2.327513361570961","70","28","4","8477","ENSMUSG00000027398,ENSMUSG00000027995,ENSMUSG00000032487,ENSMUSG00000027399"
"KEGG","Rheumatoid arthritis","KEGG:05323","0.00958998130403707","2.018182239498935","84","28","4","8477","ENSMUSG00000027398,ENSMUSG00000027995,ENSMUSG00000058427,ENSMUSG00000027399"
"KEGG","Hematopoietic cell lineage","KEGG:04640","0.01543283440952914","1.811554303660079","95","28","4","8477","ENSMUSG00000027398,ENSMUSG00000051439,ENSMUSG00000030342,ENSMUSG00000027399"
"KEGG","Tuberculosis","KEGG:05152","0.016456325557328597","1.783667129532049","179","28","5","8477","ENSMUSG00000027398,ENSMUSG00000051439,ENSMUSG00000027995,ENSMUSG00000007891,ENSMUSG00000027399"
"KEGG","Toll-like receptor signaling pathway","KEGG:04620","0.01739243310981178","1.759639658235973","98","28","4","8477","ENSMUSG00000027398,ENSMUSG00000051439,ENSMUSG00000027995,ENSMUSG00000029304"
"KEGG","Amoebiasis","KEGG:05146","0.021047487205300863","1.6767997458146524","103","28","4","8477","ENSMUSG00000027398,ENSMUSG00000051439,ENSMUSG00000027995,ENSMUSG00000058427"
"KEGG","Cholesterol metabolism","KEGG:04979","0.03361493670688064","1.473467702135819","49","28","3","8477","ENSMUSG00000002985,ENSMUSG00000040564,ENSMUSG00000015568"
"REAC","Neutrophil degranulation","REAC:R-MMU-6798695","0.004026415592739494","2.395081400754269","517","27","9","8684","ENSMUSG00000051439,ENSMUSG00000025351,ENSMUSG00000021939,ENSMUSG00000030579,ENSMUSG00000058427,ENSMUSG00000046223,ENSMUSG00000069516,ENSMUSG00000007891,ENSMUSG00000022415"
"REAC","Plasma lipoprotein assembly","REAC:R-MMU-8963898","0.005465236658324203","2.2623910272771397","18","27","3","8684","ENSMUSG00000002985,ENSMUSG00000074336,ENSMUSG00000040564"
"REAC","Plasma lipoprotein assembly, remodeling, and clearance","REAC:R-MMU-174824","0.0072267827504241145","2.141055000728259","58","27","4","8684","ENSMUSG00000002985,ENSMUSG00000074336,ENSMUSG00000040564,ENSMUSG00000015568"
"REAC","Innate Immune System","REAC:R-MMU-168249","0.020869015454128996","1.6804980393353568","976","27","11","8684","ENSMUSG00000027398,ENSMUSG00000051439,ENSMUSG00000025351,ENSMUSG00000021939,ENSMUSG00000030579,ENSMUSG00000058427,ENSMUSG00000046223,ENSMUSG00000003363,ENSMUSG00000069516,ENSMUSG00000007891,ENSMUSG00000022415"
"REAC","Plasma lipoprotein clearance","REAC:R-MMU-8964043","0.021491000824057464","1.6677433591830753","28","27","3","8684","ENSMUSG00000002985,ENSMUSG00000074336,ENSMUSG00000040564"
"REAC","VLDL clearance","REAC:R-MMU-8964046","0.023856824365335066","1.6223873667176052","5","27","2","8684","ENSMUSG00000074336,ENSMUSG00000040564"
"REAC","VLDL assembly","REAC:R-MMU-8866423","0.023856824365335066","1.6223873667176052","5","27","2","8684","ENSMUSG00000074336,ENSMUSG00000040564"
"REAC","Interleukin-1 processing","REAC:R-MMU-448706","0.04990727007006343","1.3018361854120353","7","27","2","8684","ENSMUSG00000027398,ENSMUSG00000027399"
"WP","Macrophage markers","WP:WP2271","0.000004031980185638761","5.394481610810768","10","23","4","4470","ENSMUSG00000051439,ENSMUSG00000015396,ENSMUSG00000069516,ENSMUSG00000000682"
"WP","Statin Pathway","WP:WP1","0.004019103265174575","2.3958708350820785","19","23","3","4470","ENSMUSG00000002985,ENSMUSG00000040564,ENSMUSG00000015568"
"WP","Lung fibrosis","WP:WP3632","0.008418607515802172","2.074759737266959","61","23","4","4470","ENSMUSG00000027398,ENSMUSG00000020053,ENSMUSG00000029304,ENSMUSG00000058427"
"WP","ApoE and miR-146 in inflammation and atherosclerosis","WP:WP3592","0.02558872708362715","1.591951317641791","8","23","2","4470","ENSMUSG00000002985,ENSMUSG00000027995"
"TF","Factor: HAIRYLIKE; motif: NNNNCANGTG","TF:M08885","0.011089163441433637","1.955101215480492","5781","43","25","21859","ENSMUSG00000002985,ENSMUSG00000089929,ENSMUSG00000099974,ENSMUSG00000025351,ENSMUSG00000021939,ENSMUSG00000102037,ENSMUSG00000027995,ENSMUSG00000074336,ENSMUSG00000030579,ENSMUSG00000015396,ENSMUSG00000068129,ENSMUSG00000030342,ENSMUSG00000058427,ENSMUSG00000046223,ENSMUSG00000070858,ENSMUSG00000007891,ENSMUSG00000000682,ENSMUSG00000038352,ENSMUSG00000006360,ENSMUSG00000069792,ENSMUSG00000015312,ENSMUSG00000022415,ENSMUSG00000023067,ENSMUSG00000017009,ENSMUSG00000024014"
"TF","Factor: USF; motif: GYCACGTGNC","TF:M00187","0.013403005233130993","1.8727978128416791","3537","43","19","21859","ENSMUSG00000002985,ENSMUSG00000089929,ENSMUSG00000099974,ENSMUSG00000025351,ENSMUSG00000021939,ENSMUSG00000102037,ENSMUSG00000074336,ENSMUSG00000030579,ENSMUSG00000015396,ENSMUSG00000031504,ENSMUSG00000068129,ENSMUSG00000040564,ENSMUSG00000046223,ENSMUSG00000070858,ENSMUSG00000007891,ENSMUSG00000000682,ENSMUSG00000022415,ENSMUSG00000017009,ENSMUSG00000035678"
