	p_val	avg_logFC	pct.1	pct.2	p_val_adj	cluster	gene
P2ry12	0	1.62579292514496	0.878	0.364	0	0	P2ry12
Cst3	0	1.43647722626806	0.999	0.989	0	0	Cst3
Jun	0	1.39738057018579	0.899	0.702	0	0	Jun
Egr1	0	1.32526328406193	0.691	0.388	0	0	Egr1
Sparc	0	1.28455267979177	0.972	0.534	0	0	Sparc
Tmem119	0	1.28443961396953	0.894	0.431	0	0	Tmem119
Siglech	0	1.28199705262213	0.75	0.198	0	0	Siglech
Selplg	0	1.25086433707179	0.929	0.691	0	0	Selplg
Gpr34	0	1.23292649978205	0.842	0.373	0	0	Gpr34
Cx3cr1	0	1.15527987961661	0.957	0.537	0	0	Cx3cr1
Csf1r	0	1.13364090058286	0.984	0.757	0	0	Csf1r
Cd81	0	1.1008201342127	0.996	0.685	0	0	Cd81
Klf2	0	1.06293037806244	0.644	0.452	0	0	Klf2
Serinc3	0	1.05455263571238	0.945	0.719	0	0	Serinc3
Btg2	0	1.04807588242395	0.856	0.635	0	0	Btg2
Rhob	0	1.00396051794913	0.8	0.539	0	0	Rhob
Crybb1	0	0.998880638274808	0.544	0.13	0	0	Crybb1
Hexb	0	0.981367774469313	0.999	0.873	0	0	Hexb
Atf3	0	0.95138856344593	0.763	0.673	0	0	Atf3
Lpcat2	0	0.938938713760977	0.848	0.478	0	0	Lpcat2
Olfml3	0	0.918533117753375	0.947	0.605	0	0	Olfml3
Glul	0	0.914172555751297	0.917	0.648	0	0	Glul
Hpgd	0	0.908726697126118	0.634	0.261	0	0	Hpgd
Lag3	0	0.90788072430432	0.56	0.175	0	0	Lag3
Klf6	0	0.878123866759596	0.786	0.688	0	0	Klf6
Marcks	0	0.83322863103821	0.912	0.71	0	0	Marcks
Mef2c	0	0.826577561181285	0.841	0.5	0	0	Mef2c
Ptgs1	0	0.826377721285603	0.725	0.338	0	0	Ptgs1
Ltc4s	0	0.823273857537246	0.726	0.402	0	0	Ltc4s
Zfp36	0	0.822773587629869	0.833	0.684	0	0	Zfp36
Ldhb	0	0.819871588202958	0.857	0.512	0	0	Ldhb
Ly86	0	0.812005846494286	0.988	0.744	0	0	Ly86
Ier2	0	0.805737232164347	0.784	0.65	0	0	Ier2
Slco2b1	0	0.78857094452436	0.611	0.239	0	0	Slco2b1
Icam1	0	0.779912286099761	0.661	0.418	0	0	Icam1
Zfhx3	0	0.778624129039689	0.638	0.355	0	0	Zfhx3
Ier5	0	0.774949200790833	0.752	0.605	0	0	Ier5
Kctd12	0	0.772683235591072	0.789	0.545	0	0	Kctd12
Selenop	0	0.769461082016421	0.95	0.753	0	0	Selenop
Ppp1r15a	0	0.758215810141899	0.752	0.544	0	0	Ppp1r15a
Fscn1	0	0.756596039405291	0.585	0.207	0	0	Fscn1
Cst7	0	0.837309086246298	0.589	0.222	0	1	Cst7
Lpl	0	0.83449170230048	0.672	0.326	0	1	Lpl
Cd83	0	0.769232931449981	0.948	0.601	0	1	Cd83
Fabp5	0	2.21906335480402	0.911	0.545	0	2	Fabp5
Gpnmb	0	1.8008663399628	0.808	0.328	0	2	Gpnmb
Pf4	0	1.78910814513339	0.7	0.277	0	2	Pf4
Spp1	0	1.64721614192846	0.996	0.831	0	2	Spp1
Arg1	0	1.62961909578207	0.751	0.188	0	2	Arg1
Lgals3	0	1.61566531325927	0.999	0.67	0	2	Lgals3
Hmox1	0	1.59686542460533	0.914	0.606	0	2	Hmox1
Lgals1	0	1.42657358800054	0.997	0.62	0	2	Lgals1
Ccl7	0	1.3826579185006	0.606	0.18	0	2	Ccl7
Cstb	0	1.23423548486855	1	0.867	0	2	Cstb
Ftl1	0	1.23252083314714	1	0.999	0	2	Ftl1
Clec4n	0	1.18211209892124	0.52	0.165	0	2	Clec4n
Pdpn	0	1.12053728769649	0.643	0.107	0	2	Pdpn
Lyz2	0	1.10982582651733	0.992	0.899	0	2	Lyz2
Psap	0	1.04578775582051	0.997	0.963	0	2	Psap
Prdx6	0	1.04009995639373	0.931	0.579	0	2	Prdx6
Fabp4	0	1.04005700935872	0.448	0.053	0	2	Fabp4
Emp1	0	1.03049989193195	0.871	0.229	0	2	Emp1
Plin2	0	1.01761613962496	0.995	0.716	0	2	Plin2
Prdx1	0	1.01046844433342	0.991	0.894	0	2	Prdx1
Thbs1	0	0.988725518852452	0.842	0.319	0	2	Thbs1
F13a1	0	0.979144299292197	0.72	0.151	0	2	F13a1
Ninj1	0	0.945689866781992	0.95	0.61	0	2	Ninj1
Ccl2	0	0.937264892911619	0.779	0.476	0	2	Ccl2
Rnh1	0	0.914750746138898	0.956	0.657	0	2	Rnh1
Msrb1	0	0.895568598059449	0.959	0.577	0	2	Msrb1
Wfdc17	0	0.892193015697148	0.968	0.615	0	2	Wfdc17
Ecm1	0	0.890431416240848	0.847	0.272	0	2	Ecm1
Hilpda	0	0.865972239880502	0.793	0.384	0	2	Hilpda
Capg	0	0.842771415245717	0.987	0.696	0	2	Capg
Fth1	0	0.839383539853346	1	1	0	2	Fth1
Cd36	0	0.836724192719532	0.437	0.088	0	2	Cd36
Ftl1-ps1	0	0.82357418868753	0.919	0.56	0	2	Ftl1-ps1
Ctsb	0	0.799969891880417	0.998	0.969	0	2	Ctsb
Anxa5	0	0.798284130749594	0.975	0.649	0	2	Anxa5
Vat1	0	0.788764736125113	0.773	0.263	0	2	Vat1
Acp5	0	0.774125655950026	0.651	0.158	0	2	Acp5
Ms4a7	0	0.76570161872734	0.777	0.241	0	2	Ms4a7
Clec4d	0	0.760558573152566	0.802	0.237	0	2	Clec4d
S100a10	0	0.75755411886603	0.892	0.358	0	2	S100a10
Ccl6	5.90478580668648e-220	1.15432170297483	0.77	0.607	1.95903078708437e-215	2	Ccl6
Stmn1	0	1.39335915055181	0.76	0.288	0	3	Stmn1
Ccl12	0	1.28929516297295	0.778	0.432	0	3	Ccl12
Tuba1b	0	1.14513832027974	0.985	0.784	0	3	Tuba1b
Tubb5	0	0.996124693939766	0.975	0.795	0	3	Tubb5
Pclaf	0	0.918748638391486	0.45	0.048	0	3	Pclaf
Birc5	0	0.900060256053491	0.411	0.059	0	3	Birc5
Ran	0	0.853698383696703	0.985	0.738	0	3	Ran
H2az1	0	0.841332195279889	0.967	0.896	0	3	H2az1
Ranbp1	0	0.796587419039095	0.953	0.644	0	3	Ranbp1
Cks1b	0	0.783835370460062	0.653	0.15	0	3	Cks1b
Hmgb2	0	0.76340153250394	0.802	0.516	0	3	Hmgb2
Hmgn1	0	0.750771608091468	0.929	0.534	0	3	Hmgn1
Lyz21	0	1.67404744139655	0.998	0.905	0	4	Lyz2
Ms4a71	0	1.41870668024024	0.944	0.261	0	4	Ms4a7
Gpnmb1	0	1.38978452262392	0.889	0.353	0	4	Gpnmb
Apoe	0	1.38621379128355	0.998	0.852	0	4	Apoe
Gpx3	0	0.813700885953678	0.607	0.176	0	4	Gpx3
Gyg	0	0.799709568869887	0.76	0.389	0	4	Gyg
Smpdl3a	0	0.778298218407383	0.793	0.374	0	4	Smpdl3a
AB124611	0	0.770844338458374	0.801	0.38	0	4	AB124611
Gdf15	0	0.754546391201006	0.463	0.192	0	4	Gdf15
Chil3	0	2.20534144464473	0.765	0.197	0	5	Chil3
Plac8	0	1.98253367144344	0.547	0.075	0	5	Plac8
S100a101	0	1.89883978207248	0.966	0.39	0	5	S100a10
Arg11	0	1.85946594284092	0.717	0.231	0	5	Arg1
S100a4	0	1.77017724726128	0.943	0.278	0	5	S100a4
Crip1	0	1.70586246892166	0.968	0.598	0	5	Crip1
Tgfbi	0	1.67327498680533	0.917	0.476	0	5	Tgfbi
S100a6	0	1.67250395437337	0.993	0.443	0	5	S100a6
AA467197	0	1.65118062528926	0.668	0.262	0	5	AA467197
Ccl61	0	1.62940505916974	0.916	0.606	0	5	Ccl6
Thbs11	0	1.61742090037775	0.918	0.35	0	5	Thbs1
S100a11	0	1.59591540311889	0.988	0.461	0	5	S100a11
Fn1	0	1.57909396307129	0.891	0.409	0	5	Fn1
Ifitm3	0	1.57430492082617	0.95	0.67	0	5	Ifitm3
F10	0	1.54720650488332	0.789	0.127	0	5	F10
Anxa2	0	1.54303520952815	0.963	0.55	0	5	Anxa2
Ccl9	0	1.44015390865583	0.908	0.535	0	5	Ccl9
Slpi	0	1.41181072869642	0.465	0.132	0	5	Slpi
Ly6c2	0	1.40488868961057	0.499	0.086	0	5	Ly6c2
Tmsb10	0	1.34927755201834	0.994	0.799	0	5	Tmsb10
Ccr2	0	1.34217818363029	0.656	0.077	0	5	Ccr2
Vim	0	1.30670526380538	0.969	0.678	0	5	Vim
Plaur	0	1.19140710403393	0.845	0.533	0	5	Plaur
Ecm11	0	1.16407793353288	0.698	0.326	0	5	Ecm1
Srgn	0	1.13644805974545	0.995	0.912	0	5	Srgn
Cebpb	0	1.11072541867251	0.811	0.654	0	5	Cebpb
Ifitm2	0	1.100154882005	0.896	0.578	0	5	Ifitm2
Sirpb1c	0	1.09172028654492	0.614	0.14	0	5	Sirpb1c
Fxyd5	0	1.07119399793023	0.992	0.743	0	5	Fxyd5
Cd44	0	1.06610321046671	0.82	0.369	0	5	Cd44
Ifi27l2a	0	1.05641596638422	0.731	0.464	0	5	Ifi27l2a
Eno1	0	1.04623507848422	0.946	0.772	0	5	Eno1
Rgcc	0	1.03568415596728	0.545	0.207	0	5	Rgcc
Cstb1	0	1.0354080102424	0.988	0.877	0	5	Cstb
Lgals31	0	1.02752421105386	0.998	0.694	0	5	Lgals3
Clec4n1	0	1.00491789885501	0.604	0.183	0	5	Clec4n
Emilin2	0	1.0021413289682	0.71	0.218	0	5	Emilin2
Cfp	0	0.997337220200472	0.696	0.248	0	5	Cfp
Clec4d1	0	0.976661042683495	0.766	0.281	0	5	Clec4d
Tgm2	0	0.959113889325725	0.679	0.391	0	5	Tgm2
Emp11	0	0.951370684778323	0.652	0.294	0	5	Emp1
Ahnak	0	0.939853715432071	0.655	0.236	0	5	Ahnak
Pid1	0	0.923947087589938	0.69	0.37	0	5	Pid1
Emb	0	0.922521145164773	0.607	0.203	0	5	Emb
Fcgr2b	0	0.921814698532556	0.79	0.669	0	5	Fcgr2b
Gsr	0	0.893298007316243	0.599	0.252	0	5	Gsr
Ltb4r1	0	0.892258568299055	0.466	0.089	0	5	Ltb4r1
Clec4e	0	0.890040398435102	0.569	0.133	0	5	Clec4e
Prdx61	0	0.887209497121102	0.851	0.612	0	5	Prdx6
Prdx5	0	0.879082451209874	0.968	0.88	0	5	Prdx5
Msrb11	0	0.853004955578714	0.935	0.607	0	5	Msrb1
Tspo	0	0.852646012293	0.964	0.836	0	5	Tspo
Metrnl	0	0.843507341805881	0.536	0.236	0	5	Metrnl
Gm49339	0	0.838681153261672	0.578	0.3	0	5	Gm49339
Gda	0	0.828953028428258	0.59	0.158	0	5	Gda
F13a11	0	0.82069474580819	0.557	0.206	0	5	F13a1
Pitpna	0	0.814252434618551	0.773	0.571	0	5	Pitpna
Capg1	0	0.807441937704325	0.938	0.722	0	5	Capg
Aprt	0	0.794716255128802	0.9	0.697	0	5	Aprt
Txn1	0	0.787448157188882	0.949	0.77	0	5	Txn1
Tagln2	0	0.787188004062658	0.877	0.693	0	5	Tagln2
Card19	0	0.785686981381725	0.816	0.571	0	5	Card19
Sh3bgrl	0	0.782003502646296	0.684	0.416	0	5	Sh3bgrl
Lgals11	0	0.773599867860693	0.97	0.649	0	5	Lgals1
Emp3	0	0.766163261297989	0.945	0.749	0	5	Emp3
Lmna	6.25276741620674e-259	0.782586793028202	0.537	0.321	2.07448064567491e-254	5	Lmna
Hilpda1	3.02590188131758e-233	0.949458213463511	0.62	0.428	1.00390346716473e-228	5	Hilpda
Ccl21	4.48237614929388e-232	0.915582265556455	0.71	0.504	1.48711793505123e-227	5	Ccl2
Retnlg	0	4.89805312270547	0.857	0.099	0	6	Retnlg
S100a9	0	4.58125558312772	0.988	0.328	0	6	S100a9
S100a8	0	4.12869877212108	0.991	0.465	0	6	S100a8
G0s2	0	3.20064390980385	0.892	0.055	0	6	G0s2
Lcn2	0	3.1178676288983	0.892	0.095	0	6	Lcn2
Wfdc21	0	3.08799027866311	0.893	0.056	0	6	Wfdc21
Cstdc4	0	2.99348857751343	0.401	0.011	0	6	Cstdc4
Ngp	0	2.87003256070408	0.497	0.075	0	6	Ngp
Il1r2	0	2.60154418994264	0.874	0.056	0	6	Il1r2
Ifitm1	0	2.57984720117227	0.762	0.112	0	6	Ifitm1
Mmp9	0	2.50744493532467	0.85	0.019	0	6	Mmp9
Cxcr2	0	2.44062069137255	0.783	0.012	0	6	Cxcr2
Mxd1	0	2.42797574195201	0.842	0.157	0	6	Mxd1
Hdc	0	2.31422051747579	0.818	0.023	0	6	Hdc
Ifitm6	0	2.20617250616987	0.598	0.059	0	6	Ifitm6
Hp	0	2.17375592146067	0.852	0.092	0	6	Hp
Srgn1	0	2.15032108096551	0.969	0.916	0	6	Srgn
Acod1	0	2.13616076100935	0.62	0.032	0	6	Acod1
F630028O10Rik	0	2.07957715882009	0.73	0.056	0	6	F630028O10Rik
Pglyrp1	0	2.0749648223445	0.683	0.066	0	6	Pglyrp1
Trem1	0	2.00714327886608	0.802	0.085	0	6	Trem1
S100a61	0	2.00129318124052	0.946	0.465	0	6	S100a6
S100a111	0	1.96308337555014	0.987	0.48	0	6	S100a11
Slpi1	0	1.92606729409375	0.817	0.126	0	6	Slpi
Lilrb4a	0	1.91359634132782	0.637	0.106	0	6	Lilrb4a
Slfn4	0	1.89779765891046	0.665	0.031	0	6	Slfn4
Wfdc171	0	1.89747976932839	0.831	0.658	0	6	Wfdc17
Cd177	0	1.88005207966036	0.733	0.019	0	6	Cd177
Mmp8	0	1.86499239148716	0.605	0.079	0	6	Mmp8
Lrg1	0	1.82525722501251	0.679	0.071	0	6	Lrg1
Clec4e1	0	1.80596177126126	0.778	0.138	0	6	Clec4e
Fpr2	0	1.79933222061796	0.748	0.023	0	6	Fpr2
Ccr1	0	1.79759447533709	0.78	0.27	0	6	Ccr1
Slfn1	0	1.78254626281759	0.695	0.045	0	6	Slfn1
Cd441	0	1.75230577652262	0.846	0.383	0	6	Cd44
Txnip	0	1.75230124513079	0.814	0.339	0	6	Txnip
ENSMUSG00000098178	0	1.74505424768273	0.731	0.422	0	6	ENSMUSG00000098178
Cd24a	0	1.72321279017859	0.899	0.32	0	6	Cd24a
Grina	0	1.69872702397832	0.873	0.6	0	6	Grina
Clec4d2	0	1.68193468505341	0.834	0.295	0	6	Clec4d
Cd33	0	1.64479094512333	0.817	0.462	0	6	Cd33
Il1b	0	1.6361717475624	0.864	0.438	0	6	Il1b
Cd300lf	0	1.62076438150113	0.8	0.355	0	6	Cd300lf
Slc7a11	0	1.59711830680639	0.716	0.218	0	6	Slc7a11
Gsr1	0	1.59229873838994	0.868	0.251	0	6	Gsr
Thbs12	0	1.59082616947682	0.802	0.376	0	6	Thbs1
Fpr1	0	1.58754913080975	0.63	0.017	0	6	Fpr1
Cxcl2	0	1.57038686985652	0.81	0.462	0	6	Cxcl2
Mcemp1	0	1.56887377637287	0.797	0.138	0	6	Mcemp1
Lilr4b	0	1.54520934936632	0.654	0.248	0	6	Lilr4b
Pygl	0	1.52607010285203	0.709	0.121	0	6	Pygl
Il1rn	0	1.52263615790398	0.698	0.2	0	6	Il1rn
Upp1	0	1.51752171536251	0.603	0.019	0	6	Upp1
Resf1	0	1.46478567778693	0.668	0.304	0	6	Resf1
Csf3r	0	1.46420623385826	0.752	0.307	0	6	Csf3r
Iqgap1	0	1.46162340561479	0.812	0.476	0	6	Iqgap1
Vasp	0	1.46111897071941	0.909	0.614	0	6	Vasp
Il1f9	0	1.45983200798541	0.541	0.006	0	6	Il1f9
Tmcc1	0	1.45533310276009	0.65	0.143	0	6	Tmcc1
Lmnb1	0	1.43938543447906	0.785	0.323	0	6	Lmnb1
Dmxl2	0	1.40522398364333	0.603	0.13	0	6	Dmxl2
Ifitm21	0	1.40041100526981	0.921	0.588	0	6	Ifitm2
Il1rap	0	1.39791037714795	0.578	0.051	0	6	Il1rap
Cxcl3	0	1.38882875648249	0.544	0.087	0	6	Cxcl3
Tnfaip2	0	1.38549201604054	0.662	0.323	0	6	Tnfaip2
Gda1	0	1.38080334947331	0.672	0.169	0	6	Gda
Fbxl5	0	1.37785297160072	0.639	0.263	0	6	Fbxl5
Emilin21	0	1.37074660724506	0.722	0.235	0	6	Emilin2
Igf1r	0	1.36713219806451	0.551	0.095	0	6	Igf1r
Lcp1	0	1.36622885106861	0.918	0.796	0	6	Lcp1
Ptafr	0	1.36428165717168	0.743	0.376	0	6	Ptafr
Samsn1	0	1.35957391784711	0.853	0.543	0	6	Samsn1
Mcl1	0	1.35796411629391	0.885	0.753	0	6	Mcl1
Atp6v0c	0	1.3552275448702	0.638	0.15	0	6	Atp6v0c
Arg2	0	1.34987294398897	0.599	0.07	0	6	Arg2
Mirt2	0	1.34381101700616	0.513	0.005	0	6	Mirt2
Lyst	0	1.34115374979253	0.547	0.111	0	6	Lyst
Cebpb1	0	1.33974636233999	0.929	0.653	0	6	Cebpb
Glipr2	0	1.3353887720053	0.695	0.102	0	6	Glipr2
N4bp1	0	1.30678539250159	0.586	0.219	0	6	N4bp1
Nudt4	0	1.28491132661834	0.639	0.211	0	6	Nudt4
Cd47	0	1.26422445966292	0.815	0.551	0	6	Cd47
Ehd1	0	1.25940136143848	0.733	0.361	0	6	Ehd1
Ltb4r11	0	1.25695403748958	0.662	0.092	0	6	Ltb4r1
AA4671971	0	1.25570294023301	0.84	0.268	0	6	AA467197
Myh9	0	1.25087306626571	0.715	0.393	0	6	Myh9
Diaph1	0	1.2434608211154	0.664	0.254	0	6	Diaph1
Ddx6	0	1.2397431048415	0.647	0.262	0	6	Ddx6
Cytip	0	1.23096802945493	0.585	0.125	0	6	Cytip
Crispld2	0	1.22649515876316	0.505	0.013	0	6	Crispld2
Neat1	0	1.22635808475879	0.838	0.633	0	6	Neat1
Cd14	0	1.22511322700659	0.895	0.836	0	6	Cd14
Prdx51	0	1.21261068852235	0.961	0.883	0	6	Prdx5
Snx20	0	1.2025857357678	0.658	0.272	0	6	Snx20
Alox5ap	0	1.19596178444094	0.963	0.848	0	6	Alox5ap
Stx11	0	1.18879962369313	0.588	0.068	0	6	Stx11
Glrx	0	1.18017837857106	0.754	0.443	0	6	Glrx
Tes	0	1.17710123898502	0.616	0.25	0	6	Tes
Il18rap	0	1.16969163012407	0.507	0.021	0	6	Il18rap
Rdh12	0	1.16593715079129	0.497	0.012	0	6	Rdh12
Tut7	0	1.1631485904175	0.622	0.293	0	6	Tut7
Entpd1	0	1.16302764262465	0.595	0.25	0	6	Entpd1
Actn1	0	1.16008287812277	0.585	0.127	0	6	Actn1
Adam8	0	1.15803526967694	0.734	0.393	0	6	Adam8
Mirt1	0	1.1545159233037	0.483	0.006	0	6	Mirt1
Rab44	0	1.15270121005608	0.521	0.012	0	6	Rab44
Stk17b	0	1.14869947015385	0.692	0.299	0	6	Stk17b
Msrb12	0	1.14840161950681	0.964	0.617	0	6	Msrb1
Gmfg	0	1.14802248405269	0.871	0.523	0	6	Gmfg
Sell	0	1.14106231133603	0.465	0.028	0	6	Sell
Adam19	0	1.12704600244561	0.494	0.01	0	6	Adam19
Itgam	0	1.11660248208135	0.789	0.635	0	6	Itgam
Ncf1	0	1.11007376648069	0.781	0.567	0	6	Ncf1
Zyx	0	1.10962878919145	0.692	0.388	0	6	Zyx
Ccl62	0	1.10249063241039	0.822	0.622	0	6	Ccl6
Ly6c21	0	1.09561760366519	0.558	0.098	0	6	Ly6c2
Slfn2	0	1.09117308506325	0.853	0.66	0	6	Slfn2
Trim30b	0	1.08649997066284	0.491	0.023	0	6	Trim30b
Ets2	0	1.08022703411306	0.566	0.243	0	6	Ets2
Sorl1	0	1.07640700833521	0.547	0.093	0	6	Sorl1
Btg1	0	1.07582987921108	0.949	0.847	0	6	Btg1
Sema4a	0	1.0685292029878	0.52	0.072	0	6	Sema4a
Ptprc	0	1.06594610241369	0.777	0.553	0	6	Ptprc
Dgat1	0	1.06466644483837	0.478	0.095	0	6	Dgat1
Dusp16	0	1.05583991045181	0.493	0.106	0	6	Dusp16
Mbd2	0	1.05322229869951	0.552	0.179	0	6	Mbd2
Sgms2	0	1.04148502383699	0.463	0.04	0	6	Sgms2
Mir22hg	0	1.04049538170736	0.464	0.049	0	6	Mir22hg
Rnasel	0	1.03895151381231	0.466	0.119	0	6	Rnasel
Trib1	0	1.03492897618965	0.651	0.339	0	6	Trib1
Riok3	0	1.02123573904445	0.639	0.328	0	6	Riok3
Baz2b	0	1.01975440418381	0.56	0.209	0	6	Baz2b
Slc16a3	0	1.01899753219992	0.66	0.346	0	6	Slc16a3
Jak2	0	1.00720029641795	0.487	0.101	0	6	Jak2
Adgre5	0	1.00022027401278	0.519	0.16	0	6	Adgre5
2310001H17Rik	0	0.999461210139778	0.498	0.069	0	6	2310001H17Rik
Tpd52	0	0.994778830545315	0.834	0.759	0	6	Tpd52
Fam107b	0	0.992248744970248	0.54	0.167	0	6	Fam107b
Prnp	0	0.990010378573578	0.438	0.108	0	6	Prnp
Ltb	0	0.983882193968576	0.401	0.024	0	6	Ltb
Cd300ld	0	0.981964224310436	0.506	0.107	0	6	Cd300ld
Rab11fip1	0	0.974754594194387	0.438	0.039	0	6	Rab11fip1
Samhd1	0	0.970472969534017	0.595	0.277	0	6	Samhd1
Tnfrsf23	0	0.969491905592806	0.489	0.083	0	6	Tnfrsf23
C3	0	0.966271773193716	0.415	0.045	0	6	C3
Syk	0	0.956299726945152	0.566	0.237	0	6	Syk
Tarm1	0	0.95282188867107	0.455	0.07	0	6	Tarm1
Ripor2	0	0.94104305286553	0.446	0.038	0	6	Ripor2
Mefv	0	0.935096307805374	0.41	0.023	0	6	Mefv
Itgal	0	0.932649322090748	0.468	0.05	0	6	Itgal
Plp2	0	0.915465282860478	0.631	0.274	0	6	Plp2
Nedd9	0	0.912973491102035	0.443	0.066	0	6	Nedd9
Rasa2	0	0.911387313020276	0.471	0.112	0	6	Rasa2
Dgat2	0	0.902700566757253	0.451	0.045	0	6	Dgat2
Pilra	0	0.902457717235829	0.658	0.285	0	6	Pilra
Pirb	0	0.895748202267032	0.615	0.262	0	6	Pirb
Siglece	0	0.893619240768212	0.487	0.096	0	6	Siglece
Fmnl1	0	0.89247224824081	0.587	0.25	0	6	Fmnl1
Bst1	0	0.885647885228568	0.518	0.164	0	6	Bst1
Atp11b	0	0.884778565158606	0.479	0.115	0	6	Atp11b
Gadd45a	0	0.883729349113478	0.453	0.146	0	6	Gadd45a
Fgr	0	0.882512550789224	0.529	0.159	0	6	Fgr
Anxa21	0	0.874248200552039	0.885	0.569	0	6	Anxa2
Coro1a	0	0.87099215953919	0.926	0.834	0	6	Coro1a
Morrbid	0	0.863034431273937	0.421	0.07	0	6	Morrbid
Pik3ap1	0	0.860162581291739	0.41	0.102	0	6	Pik3ap1
Slc27a4	0	0.855720917860182	0.421	0.069	0	6	Slc27a4
Nfe2	0	0.848425720827849	0.409	0.013	0	6	Nfe2
Tle3	0	0.846482292138272	0.48	0.13	0	6	Tle3
Chil31	0	0.846289626015424	0.611	0.224	0	6	Chil3
Tet2	0	0.844936376365855	0.471	0.163	0	6	Tet2
Id1	0	0.842213745452468	0.43	0.129	0	6	Id1
Rac2	0	0.841255883544597	0.87	0.762	0	6	Rac2
Antxr2	0	0.827112238360596	0.401	0.049	0	6	Antxr2
Trem3	0	0.822524156553625	0.42	0.041	0	6	Trem3
Cnn2	0	0.803736171910038	0.492	0.16	0	6	Cnn2
Ostf1	0	0.803390085719213	0.921	0.83	0	6	Ostf1
Rassf5	0	0.802954294552012	0.494	0.18	0	6	Rassf5
C5ar1	0	0.794393039433516	0.879	0.677	0	6	C5ar1
Mir142hg	0	0.779991814033084	0.443	0.097	0	6	Mir142hg
Rara	0	0.777994415133294	0.435	0.081	0	6	Rara
Iqsec1	0	0.775953547294186	0.461	0.134	0	6	Iqsec1
Fmnl2	0	0.773661761245322	0.408	0.105	0	6	Fmnl2
Eif1	0	0.772211788255634	0.998	0.995	0	6	Eif1
H3f3a	0	0.766008932856268	0.988	0.958	0	6	H3f3a
Klhl2	0	0.761892798678971	0.417	0.079	0	6	Klhl2
Fxyd51	0	0.760064931104715	0.948	0.754	0	6	Fxyd5
Actg1	0	0.754830897272254	0.987	0.987	0	6	Actg1
Rbms1	5.45840571665093e-308	0.948645473957262	0.717	0.456	1.81093526461328e-303	6	Rbms1
Pnrc1	2.06938507335575e-307	0.956094936398225	0.791	0.534	6.86559885787237e-303	6	Pnrc1
Nsd3	5.3888399857542e-305	0.920964879323081	0.536	0.229	1.78785544207367e-300	6	Nsd3
Map1lc3b	5.47867182441257e-303	0.815536400276286	0.877	0.798	1.81765895118536e-298	6	Map1lc3b
Cdk2ap2	2.05240413306784e-299	1.22530601927582	0.739	0.495	6.80926119227917e-295	6	Cdk2ap2
Anxa1	7.12569142900383e-296	1.33258336160396	0.57	0.244	2.3640906454006e-291	6	Anxa1
Klhdc4	7.41908329750726e-295	0.854323569573226	0.47	0.176	2.46142926561398e-290	6	Klhdc4
Cap1	9.190657847781e-294	0.96519291461127	0.653	0.396	3.0491845541583e-289	6	Cap1
Marchf7	7.21358822993233e-293	0.947964536680385	0.593	0.301	2.39325216704465e-288	6	Marchf7
Mgst1	1.61252081259686e-292	0.998823892584334	0.57	0.241	5.3498602999526e-288	6	Mgst1
Il17ra	3.97940326188474e-290	0.980549471312543	0.622	0.338	1.3202466201955e-285	6	Il17ra
Cxcr4	1.34873960934706e-288	1.09808611584034	0.58	0.269	4.47471340193074e-284	6	Cxcr4
Rnf11	9.35900569894379e-285	0.783232435712832	0.489	0.193	3.10503732073858e-280	6	Rnf11
Lnpep	1.99770784842365e-281	0.778176897482602	0.483	0.192	6.62779532871513e-277	6	Lnpep
Hmgb21	2.6398780122445e-278	0.763775761301499	0.778	0.529	8.75832328122357e-274	6	Hmgb2
Gpsm3	1.10948013671555e-276	0.75731090069855	0.791	0.635	3.68092224958119e-272	6	Gpsm3
Ckap4	3.2135467534767e-276	0.950208420342852	0.519	0.231	1.06615840640097e-271	6	Ckap4
Plaur1	3.77832155831562e-275	0.840623999972415	0.791	0.547	1.25353374340237e-270	6	Plaur
Clec5a	1.14418358173828e-273	0.957843134393103	0.647	0.383	3.79605786913309e-269	6	Clec5a
Scand1	2.759096338938e-273	0.828227443300406	0.613	0.315	9.1538539236946e-269	6	Scand1
Ptbp3	5.10599837095665e-266	0.895151158816837	0.731	0.553	1.69401707953229e-261	6	Ptbp3
Cast	1.95124322346024e-265	0.757110581795858	0.472	0.189	6.47363964247405e-261	6	Cast
Fosl2	1.21316596016853e-264	0.861467427254608	0.596	0.306	4.02492070605114e-260	6	Fosl2
Il13ra1	1.02843357127694e-260	0.834680263949482	0.525	0.24	3.41203405942551e-256	6	Il13ra1
Csf2rb	2.32235458917232e-260	1.0059656434224	0.637	0.393	7.70487582049702e-256	6	Csf2rb
Snx18	1.02647626761053e-259	0.880939252593418	0.65	0.391	3.40554031305145e-255	6	Snx18
Rab8b	1.72871315233394e-256	0.880111055277965	0.639	0.397	5.73535162549831e-252	6	Rab8b
Bhlhe40	3.04466565292314e-253	0.988341734783681	0.582	0.302	1.01012872367031e-248	6	Bhlhe40
Ncf2	9.05955215595233e-251	0.809874774947341	0.759	0.612	3.0056876187803e-246	6	Ncf2
Gcnt2	9.80673179599345e-229	0.850332682212531	0.566	0.31	3.25357940795675e-224	6	Gcnt2
Chd7	6.97413120014364e-213	0.847389388472631	0.598	0.365	2.31380750827165e-208	6	Chd7
Mapkapk2	6.52764210163385e-208	0.898657368369103	0.588	0.363	2.16567582005906e-203	6	Mapkapk2
Xbp1	2.71929967885806e-207	1.01111883019591	0.671	0.511	9.02182054454739e-203	6	Xbp1
Plek	2.08210276032275e-201	0.874805532596005	0.836	0.824	6.90779232792278e-197	6	Plek
Pim1	7.82667952092496e-200	1.00624827946344	0.731	0.557	2.59665746465727e-195	6	Pim1
Bcl2l11	5.65909413046629e-197	0.878158762772025	0.445	0.204	1.8775176596648e-192	6	Bcl2l11
Smox	1.10579162193586e-194	0.843393064277715	0.574	0.347	3.6686848640966e-190	6	Smox
Lasp1	1.92417006466274e-194	0.788289022449475	0.586	0.378	6.38381902353159e-190	6	Lasp1
Cd164	4.56145422783397e-193	0.774435897951469	0.671	0.497	1.51335366916847e-188	6	Cd164
Hectd1	2.93507304760843e-192	0.77639071976112	0.516	0.285	9.73769185005047e-188	6	Hectd1
Tax1bp1	1.05296406752939e-184	0.797796077139797	0.641	0.464	3.49341888684225e-180	6	Tax1bp1
Ndel1	7.74500915330642e-173	0.778640029843408	0.63	0.455	2.56956168679247e-168	6	Ndel1
Tsc22d4	5.74422548857315e-172	0.783786810978403	0.698	0.624	1.90576169034391e-167	6	Tsc22d4
Irf2bp2	2.22336118884024e-169	0.785167009644632	0.556	0.343	7.37644541621528e-165	6	Irf2bp2
Rbpj	6.56216929654047e-166	0.76051917577837	0.556	0.345	2.17713090751323e-161	6	Rbpj
Prr13	1.04443767721486e-163	0.789911779682154	0.69	0.56	3.46513088169575e-159	6	Prr13
Basp1	2.14229828509208e-161	1.20336675892699	0.723	0.702	7.10750302045e-157	6	Basp1
Tnfrsf1b	8.74529713775435e-160	0.811438193828284	0.501	0.297	2.90142723139276e-155	6	Tnfrsf1b
Csf1	8.48592649955568e-157	1.07621130117338	0.416	0.2	2.81537583475759e-152	6	Csf1
Hcar2	6.17955877133901e-142	0.886808317311993	0.474	0.253	2.05019221356714e-137	6	Hcar2
Dennd4a	1.0661804674187e-138	0.817937548503432	0.552	0.354	3.53726693675502e-134	6	Dennd4a
Nlrp3	1.2547538224593e-71	0.753893833078075	0.478	0.348	4.16289675677322e-67	6	Nlrp3
Lpl1	0	1.06982083876269	0.832	0.376	0	7	Lpl
Ctla2a	0	1.00734904647404	0.738	0.289	0	7	Ctla2a
Adam81	0	0.932866818596459	0.81	0.391	0	7	Adam8
Dab2	4.03485326411803e-292	0.819590559641804	0.855	0.466	1.33864326743644e-287	7	Dab2
Ctsl	4.31468386425043e-254	0.888031440458105	0.99	0.915	1.43148266564236e-249	7	Ctsl
Msr1	4.23398093331297e-232	0.76768341499878	0.811	0.426	1.40470785424524e-227	7	Msr1
Mt2	7.12698115542409e-214	0.826257320324727	0.771	0.424	2.36451853793505e-209	7	Mt2
Igf1	2.44757463439615e-211	0.956284335489414	0.556	0.256	8.12031836453611e-207	7	Igf1
Spp11	1.22418031405026e-141	0.917240119876957	0.927	0.852	4.06146302792454e-137	7	Spp1
Cd141	2.39198065001257e-46	0.772740639787994	0.931	0.835	7.93587420254671e-42	7	Cd14
Ccl91	2.84385685643799e-37	0.802354128545315	0.669	0.56	9.43506389260431e-33	7	Ccl9
Cd74	0	4.04582904603388	0.959	0.37	0	8	Cd74
H2-Aa	0	3.9931543965944	0.9	0.085	0	8	H2-Aa
H2-Ab1	0	3.97591347259744	0.908	0.187	0	8	H2-Ab1
H2-Eb1	0	3.8157223339473	0.878	0.066	0	8	H2-Eb1
Ifitm11	0	1.75568972788339	0.475	0.128	0	8	Ifitm1
Crip11	0	1.56559234488943	0.952	0.613	0	8	Crip1
H2-DMb1	0	1.52624257117199	0.789	0.426	0	8	H2-DMb1
AA4671972	0	1.4600193534277	0.665	0.279	0	8	AA467197
Napsa	0	1.27359057934708	0.674	0.151	0	8	Napsa
Plbd1	0	1.26874250269419	0.634	0.094	0	8	Plbd1
Plac81	0	1.25035626325811	0.405	0.1	0	8	Plac8
Lsp1	0	1.22804232555465	0.813	0.466	0	8	Lsp1
H2-DMa	0	1.22676185010637	0.857	0.602	0	8	H2-DMa
Ifitm22	0	1.196777020112	0.856	0.592	0	8	Ifitm2
S100a41	0	1.17561363460458	0.75	0.314	0	8	S100a4
Ifitm31	0	1.14900059729775	0.879	0.684	0	8	Ifitm3
Cfp1	0	1.03041003969386	0.647	0.268	0	8	Cfp
Ccnd2	0	1.00099313822284	0.498	0.107	0	8	Ccnd2
Tmsb101	0	0.948481369133114	0.985	0.808	0	8	Tmsb10
Cytip1	0	0.94592233388585	0.6	0.127	0	8	Cytip
Gpr171	0	0.933508621258653	0.429	0.021	0	8	Gpr171
Fxyd52	0	0.915979028560194	0.925	0.756	0	8	Fxyd5
Ccr21	0	0.902047047706775	0.553	0.105	0	8	Ccr2
Itgb7	0	0.779390745044417	0.432	0.055	0	8	Itgb7
Gm2a	2.98582056084258e-306	0.979576749638739	0.841	0.669	9.90605687470741e-302	8	Gm2a
Bhlhe401	3.68367324011432e-287	0.874784419551081	0.643	0.3	1.22213227087273e-282	8	Bhlhe40
Il1b1	1.42864395703326e-180	0.880825435652827	0.723	0.446	4.73981205624924e-176	8	Il1b
Hspa1a	6.08429832752756e-72	0.958282102321132	0.523	0.369	2.01858765612382e-67	8	Hspa1a
Isg15	0	1.80179755861948	0.826	0.208	0	9	Isg15
Ifit3	0	1.63600190522501	0.637	0.031	0	9	Ifit3
Irf7	0	1.37799743762601	0.737	0.124	0	9	Irf7
Ifi204	0	1.14044672830788	0.78	0.312	0	9	Ifi204
Lgals3bp	0	1.12113016349911	0.914	0.529	0	9	Lgals3bp
Phf11b	0	1.07929701601631	0.648	0.134	0	9	Phf11b
Rtp4	0	1.06369100193589	0.687	0.127	0	9	Rtp4
Phf11d	0	1.00357836075566	0.531	0.092	0	9	Phf11d
Usp18	0	0.938839573476864	0.493	0.052	0	9	Usp18
Oasl2	0	0.90739636307807	0.581	0.08	0	9	Oasl2
Zbp1	0	0.83023099387644	0.582	0.137	0	9	Zbp1
Xaf1	0	0.802031751946721	0.575	0.129	0	9	Xaf1
Stat1	8.895198357216e-293	0.836554780306955	0.581	0.166	2.95115995897355e-288	9	Stat1
Ifi211	3.19907715619084e-288	0.78341485729285	0.421	0.084	1.06135782810944e-283	9	Ifi211
Ly6e	1.15641532274913e-283	0.921345781470132	0.987	0.882	3.83663911628478e-279	9	Ly6e
Slfn5	2.34245337968519e-269	0.904173062307481	0.414	0.088	7.77155757778157e-265	9	Slfn5
Bst2	4.78177170274511e-251	1.06536638028917	0.944	0.716	1.58644839781974e-246	9	Bst2
Tor3a	1.74454696397709e-238	0.841253377530089	0.597	0.21	5.78788346238678e-234	9	Tor3a
Trim30a	2.60451611381292e-221	0.879796427670122	0.676	0.29	8.64100311079713e-217	9	Trim30a
Ifitm32	6.63305502602554e-188	0.877342269534443	0.933	0.686	2.20064866598449e-183	9	Ifitm3
Ccl121	1.52761313529578e-184	1.09812491826223	0.825	0.453	5.06816209897082e-180	9	Ccl12
Fcgr1	2.96914145297164e-181	0.837205808096981	0.874	0.647	9.85072059852402e-177	9	Fcgr1
Lag31	2.68717439726101e-137	0.759718643618071	0.582	0.249	8.91523849779284e-133	9	Lag3
Ccl4	2.35332116114176e-115	1.01926719272012	0.92	0.787	7.80761361632002e-111	9	Ccl4
Cxcl10	1.60846533109923e-114	1.71638051669413	0.457	0.19	5.33640542898793e-110	9	Cxcl10
Ifi27l2a1	2.02301663702272e-113	0.924805528436351	0.739	0.479	6.71176229665028e-109	9	Ifi27l2a
Ccl3	1.40338765177797e-73	0.846975334438327	0.869	0.747	4.65601921230377e-69	9	Ccl3
Hmgb22	0	1.78292414489731	0.965	0.53	0	10	Hmgb2
Pclaf1	0	1.56880549874222	0.751	0.066	0	10	Pclaf
Stmn11	0	1.43025010125791	0.916	0.314	0	10	Stmn1
Anxa11	0	1.293715575759	0.798	0.245	0	10	Anxa1
H2az11	0	1.26830258953109	0.99	0.9	0	10	H2az1
Ube2c	0	1.11893488983266	0.564	0.074	0	10	Ube2c
Birc51	0	1.11519871917658	0.669	0.076	0	10	Birc5
Rrm2	0	1.01660425826591	0.608	0.041	0	10	Rrm2
Cks1b1	0	0.999247691123836	0.805	0.179	0	10	Cks1b
Top2a	0	0.978452058428241	0.661	0.052	0	10	Top2a
H2az2	0	0.893762529649475	0.815	0.282	0	10	H2az2
Cdca3	0	0.83912683653192	0.618	0.067	0	10	Cdca3
H2ax	0	0.838195684796919	0.645	0.156	0	10	H2ax
Smc4	0	0.780077806926541	0.701	0.137	0	10	Smc4
Dut	0	0.767469640798479	0.621	0.084	0	10	Dut
Smc2	0	0.75945737367986	0.728	0.121	0	10	Smc2
Hmgn2	2.84333799524309e-301	1.4378465770333	0.933	0.453	9.43334246681801e-297	10	Hmgn2
Cenpa	1.51513922980262e-300	0.751720274290003	0.575	0.143	5.02677742271615e-296	10	Cenpa
Ptma	1.25451304920549e-268	0.861072590684708	0.977	0.957	4.16209794334906e-264	10	Ptma
Cks2	6.56053329968531e-247	0.939252316341903	0.795	0.327	2.1765881328366e-242	10	Cks2
Tuba1b1	3.34850583323532e-244	0.959844651122087	0.95	0.797	1.11093378029248e-239	10	Tuba1b
Hmgb1	5.72999654831579e-220	0.859242667796104	0.967	0.844	1.90104095483473e-215	10	Hmgb1
Tubb51	1.474961563353e-219	0.940834043062014	0.946	0.807	4.89347997873623e-215	10	Tubb5
Ube2s	5.0332048538074e-213	0.854162284328367	0.918	0.605	1.66986637434768e-208	10	Ube2s
Tmsb102	1.41744217009559e-138	0.814057986352135	0.965	0.811	4.70264788772615e-134	10	Tmsb10
Chil32	2.23396024047495e-43	1.18497394741924	0.411	0.238	7.41160988982375e-39	10	Chil3
S100a81	3.25812569730133e-20	2.06057179970667	0.613	0.487	1.08094836259366e-15	10	S100a8
S100a91	6.20463663905652e-18	1.68497480573445	0.454	0.356	2.05851229773978e-13	10	S100a9
Mrc1	0	2.19339914732376	0.852	0.032	0	11	Mrc1
Cbr2	0	1.68827445526023	0.736	0.059	0	11	Cbr2
Cd163	0	1.42146844275795	0.547	0.004	0	11	Cd163
Clec4a1	8.45353483244896e-297	0.832462434826072	0.488	0.053	2.80462925136159e-292	11	Clec4a1
Pf41	4.63868165790136e-284	2.53697482127688	0.995	0.332	1.53897541364193e-279	11	Pf4
F13a12	3.79750655909989e-240	1.61394509284137	0.865	0.227	1.25989875111257e-235	11	F13a1
Igfbp4	8.8133638171764e-234	1.02966728141566	0.561	0.091	2.92400971362461e-229	11	Igfbp4
Folr2	4.03703631498873e-200	1.38218646450261	0.679	0.162	1.33936753822381e-195	11	Folr2
Cd38	2.48798955969311e-176	0.983718347540993	0.668	0.166	8.25440296219382e-172	11	Cd38
Fcgrt	6.46153128310173e-172	1.40713360884447	0.798	0.283	2.14374223379466e-167	11	Fcgrt
Cd361	2.66480288310333e-144	0.929340806948118	0.571	0.134	8.84101652527191e-140	11	Cd36
Dab21	7.39809443675107e-143	1.39568885755434	0.911	0.478	2.4544657912809e-138	11	Dab2
Ms4a6b	1.153937419864e-140	1.08112405034148	0.852	0.384	3.82841817788279e-136	11	Ms4a6b
Pltp	4.17744436948623e-140	1.20273061981862	0.606	0.165	1.38595071846445e-135	11	Pltp
Maf	4.31421828892463e-125	1.23313421245399	0.838	0.403	1.43132820171652e-120	11	Maf
Ccl71	3.12706529439311e-122	1.79440195710359	0.695	0.238	1.0374664527208e-117	11	Ccl7
Stab1	3.45917605215306e-120	1.12492290807666	0.844	0.467	1.14765083882282e-115	11	Stab1
Ifitm23	2.31807544424798e-116	1.0026453429359	0.941	0.6	7.69067890138153e-112	11	Ifitm2
Ms4a72	3.74660675336011e-112	1.06611149215961	0.806	0.314	1.24301172256228e-107	11	Ms4a7
Ifitm33	1.33338771076252e-99	0.997298962846527	0.962	0.689	4.4237804079968e-95	11	Ifitm3
Wwp1	8.71052981070449e-92	0.760018306180694	0.48	0.145	2.88989247529743e-87	11	Wwp1
Ifi27l2a2	1.47654271312548e-90	1.77510133003205	0.852	0.481	4.89872575933641e-86	11	Ifi27l2a
Serpinb6a	1.72449113136869e-88	0.872690821467517	0.62	0.241	5.72134422654189e-84	11	Serpinb6a
Blvrb	1.80169730289184e-83	0.852804492246287	0.787	0.436	5.97749114180426e-79	11	Blvrb
P2rx7	2.14518453952429e-79	0.8211087829484	0.469	0.152	7.11707874677973e-75	11	P2rx7
Gas6	6.0961000670431e-75	0.907969061638391	0.698	0.352	2.02250311924289e-70	11	Gas6
Snx2	2.02010991964372e-74	0.926752927152388	0.774	0.508	6.70211868040196e-70	11	Snx2
Mt1	2.82592744430188e-73	1.08123213853078	0.973	0.921	9.37557948196035e-69	11	Mt1
Sdc4	2.87727801330292e-69	1.07673364377743	0.765	0.415	9.54594526473511e-65	11	Sdc4
Hspa1a1	9.96075223137205e-63	1.26688454613828	0.704	0.372	3.30467876780231e-58	11	Hspa1a
Ifi207	5.51837930930342e-56	0.765020971913662	0.636	0.334	1.8308327034476e-51	11	Ifi207
Selenop1	2.77409799509897e-54	1.07471153237271	0.949	0.793	9.20362491833985e-50	11	Selenop
Mt21	1.56853324869432e-50	1.5075422093343	0.666	0.436	5.20392275919316e-46	11	Mt2
Ccl92	8.63913922695928e-46	0.771776331133307	0.784	0.563	2.86620722132828e-41	11	Ccl9
Ms4a6d	1.68250597331718e-45	0.756774926070669	0.833	0.65	5.5820500676744e-41	11	Ms4a6d
Wfdc172	3.35274362359233e-43	0.948619319160289	0.898	0.664	1.11233975199923e-38	11	Wfdc17
Ccl22	1.8124975780682e-39	0.951400111283623	0.747	0.518	6.01332321475686e-35	11	Ccl2
Cxcl21	1.0738866162918e-36	1.24690358000106	0.695	0.476	3.5628336268713e-32	11	Cxcl2
Klf21	2.76323379461681e-36	0.796061427569968	0.747	0.49	9.16758076040018e-32	11	Klf2
Dusp1	8.768466697308e-31	0.777446992029171	0.838	0.701	2.90911419616587e-26	11	Dusp1
