""	"p.value"	"FDR"	"gene"	"cluster"
"P2ry12"	3.15585072266403e-46	1.04701659425825e-41	"P2ry12"	"C0"
"Gpr34"	5.34868684483004e-36	8.87266917254632e-32	"Gpr34"	"C0"
"Cst3"	2.57176235836558e-35	2.84411199211651e-31	"Cst3"	"C0"
"Hexb"	5.14108345664226e-34	4.26414314602551e-30	"Hexb"	"C0"
"Csf1r"	1.31421545676116e-26	8.72034524179298e-23	"Csf1r"	"C0"
"Sparc"	3.47988322292583e-24	1.92420142811683e-20	"Sparc"	"C0"
"mt-Cytb"	1.36942304170842e-19	6.4904783221086e-16	"mt-Cytb"	"C0"
"Tmem119"	1.61178879903935e-19	6.68428962321606e-16	"Tmem119"	"C0"
"Ptgs1"	4.09566083721389e-19	1.50979710662495e-15	"Ptgs1"	"C0"
"Cd81"	3.42073044326481e-17	1.13489573916196e-13	"Cd81"	"C0"
"Cx3cr1"	2.50364759834054e-15	7.16958015231231e-12	"Cx3cr1"	"C0"
"Siglech"	2.59321101449039e-15	7.16958015231231e-12	"Siglech"	"C0"
"Junb"	3.22278907233871e-15	8.22480561946012e-12	"Junb"	"C0"
"Otulinl"	1.49132103275086e-13	3.53411127882681e-10	"Otulinl"	"C0"
"Mef2c"	2.76003617835468e-13	6.10464801928487e-10	"Mef2c"	"C0"
"Fscn1"	8.02174856601272e-13	1.66335970109128e-09	"Fscn1"	"C0"
"Olfml3"	1.54450787600909e-11	3.01424340013846e-08	"Olfml3"	"C0"
"Kctd12"	2.5947406465084e-11	4.78253946828939e-08	"Kctd12"	"C0"
"Rpl10a"	1.28529007608309e-10	2.13688161684895e-07	"Rpl10a"	"C0"
"Ckb"	1.28817048970609e-10	2.13688161684895e-07	"Ckb"	"C0"
"Zfhx3"	1.68609710440224e-10	2.66379255394062e-07	"Zfhx3"	"C0"
"mt-Nd4"	4.20849950479281e-10	6.34660854865959e-07	"mt-Nd4"	"C0"
"Man2b1"	7.07340450843781e-10	1.02032322337583e-06	"Man2b1"	"C0"
"Rpl27a"	2.25640263969704e-09	3.1191945990512e-06	"Rpl27a"	"C0"
"Hpgds"	2.57561663756177e-09	3.41804932737548e-06	"Hpgds"	"C0"
"Nfkbia"	1.06404320585855e-08	1.3577600554142e-05	"Nfkbia"	"C0"
"Rps21"	1.13202894525755e-08	1.39101201173369e-05	"Rps21"	"C0"
"Rpl7a"	3.03460683483736e-08	3.59568396283568e-05	"Rpl7a"	"C0"
"Glul"	3.2430283688367e-08	3.71013628251363e-05	"Glul"	"C0"
"Bin1"	4.42703383882146e-08	4.89585672235266e-05	"Bin1"	"C0"
"Sft2d1"	5.97100569947216e-08	6.39032439004477e-05	"Sft2d1"	"C0"
"Ldhb"	7.39747021236258e-08	7.66955841361105e-05	"Ldhb"	"C0"
"Fcgr3"	7.79933183565922e-08	7.84116461550503e-05	"Fcgr3"	"C0"
"Pabpc1"	4.89766359526249e-07	0.000477911132647128	"Pabpc1"	"C0"
"Bcl2a1b"	1.18021539249757e-28	3.91560060768921e-24	"Bcl2a1b"	"C1"
"Bcl2a1a"	1.65441741802456e-18	2.74443033389005e-14	"Bcl2a1a"	"C1"
"Cd83"	3.30278263091733e-15	3.65254731153147e-11	"Cd83"	"C1"
"Nfkbiz"	1.15505329817978e-11	9.58030081842765e-08	"Nfkbiz"	"C1"
"Fcrls"	2.7990532170986e-11	1.8572837716736e-07	"Fcrls"	"C1"
"Gadd45b"	6.14764497682697e-10	3.39934028993647e-06	"Gadd45b"	"C1"
"Nab2"	1.25350068980858e-09	5.94105605511131e-06	"Nab2"	"C1"
"Tlr2"	9.03907722390536e-09	3.74861831321885e-05	"Tlr2"	"C1"
"Cst7"	6.1976173322922e-08	0.000228464833592731	"Cst7"	"C1"
"Il1a"	1.98318204925625e-07	0.000657960308481746	"Il1a"	"C1"
"Ftl1"	1.81555721429959e-115	6.02347416988167e-111	"Ftl1"	"C2"
"Fabp5"	8.73725625087669e-89	1.44937975317666e-84	"Fabp5"	"C2"
"Lgals3"	2.37263859980308e-65	2.6239010275222e-61	"Lgals3"	"C2"
"Psap"	3.18186241721651e-60	2.6391162353998e-56	"Psap"	"C2"
"Cyba"	4.36394040172618e-45	2.89564901416139e-41	"Cyba"	"C2"
"Pdpn"	8.49772883659747e-40	4.69881916019659e-36	"Pdpn"	"C2"
"Ftl1-ps1"	7.50627931641051e-38	3.55765469829357e-34	"Ftl1-ps1"	"C2"
"Anxa5"	1.9281750146134e-33	7.9963828074786e-30	"Anxa5"	"C2"
"Ap3s1"	1.4177849007334e-28	5.22642773907024e-25	"Ap3s1"	"C2"
"Akr1a1"	3.19197032808032e-27	1.05899999574721e-23	"Akr1a1"	"C2"
"Arg1"	1.85594811206801e-26	5.59770822855276e-23	"Arg1"	"C2"
"Plin2"	1.09918281928463e-24	3.03896569961718e-21	"Plin2"	"C2"
"Lgals1"	5.91025465760155e-24	1.50834245211728e-20	"Lgals1"	"C2"
"Hilpda"	1.05222565494232e-23	2.49354932528723e-20	"Hilpda"	"C2"
"Atp6v1g1"	1.9729122382056e-23	4.36368728846315e-20	"Atp6v1g1"	"C2"
"Prdx1"	3.75234140557996e-21	7.78071442580786e-18	"Prdx1"	"C2"
"Anxa4"	9.27859321291326e-20	1.81079933544014e-16	"Anxa4"	"C2"
"Bax"	8.76779562236818e-18	1.61605086312949e-14	"Bax"	"C2"
"Vat1"	4.75163043300487e-17	8.09653843665074e-14	"Vat1"	"C2"
"Pgam1"	4.88081408002576e-17	8.09653843665074e-14	"Pgam1"	"C2"
"Atp6v1c1"	5.9058571596066e-17	9.33041061829848e-14	"Atp6v1c1"	"C2"
"Prdx6"	2.18028159479098e-14	3.28796374865365e-11	"Prdx6"	"C2"
"Atp6v1d"	7.49560253219986e-14	1.08122437048172e-10	"Atp6v1d"	"C2"
"Atp6v1b2"	1.17122809286813e-13	1.61907643487858e-10	"Atp6v1b2"	"C2"
"Slc27a1"	2.21044205802926e-12	2.93343344636947e-09	"Slc27a1"	"C2"
"Rilpl2"	6.10760997097537e-12	7.53330845968449e-09	"Rilpl2"	"C2"
"Ninj1"	6.13073299006786e-12	7.53330845968449e-09	"Ninj1"	"C2"
"Atp6v0e"	2.15390019609812e-11	2.55214095735527e-08	"Atp6v0e"	"C2"
"Soat1"	2.64814882274822e-11	3.02957356870061e-08	"Soat1"	"C2"
"Spp1"	4.69161092426599e-10	5.18845252114576e-07	"Spp1"	"C2"
"Myof"	7.19552605205148e-10	7.70083767190039e-07	"Myof"	"C2"
"Gabarap"	9.0779877359336e-10	9.41188747234592e-07	"Gabarap"	"C2"
"Gpr137b"	3.69931899332943e-08	3.71916079520274e-05	"Gpr137b"	"C2"
"Lamtor3"	4.27037511533135e-08	4.16700691768671e-05	"Lamtor3"	"C2"
"Atp6v0d1"	4.47662693554699e-08	4.24345862401835e-05	"Atp6v0d1"	"C2"
"Capg"	1.02083502404671e-07	9.4078454424438e-05	"Capg"	"C2"
"Sgk1"	3.15377357781757e-07	0.000282791205381766	"Sgk1"	"C2"
"Fnip2"	5.00301883204445e-07	0.000436803041554575	"Fnip2"	"C2"
"Atp6v1a"	6.11203830583011e-07	0.00051994639710904	"Atp6v1a"	"C2"
"Gpx4"	7.77008767878093e-07	0.000644470497297287	"Gpx4"	"C2"
"Mcfd2"	9.20851052179675e-07	0.000745148179467441	"Mcfd2"	"C2"
"Tmsb4x"	4.24526634353647e-94	1.40845201479508e-89	"Tmsb4x"	"C3"
"Phgdh"	2.86339175810291e-43	4.74993741792902e-39	"Phgdh"	"C3"
"Hmgn1"	3.32678957121102e-39	3.67909658680228e-35	"Hmgn1"	"C3"
"Psat1"	7.29854367224741e-24	6.05359458535381e-20	"Psat1"	"C3"
"Lsm6"	3.43124456475326e-23	2.27676801849638e-19	"Lsm6"	"C3"
"Erp29"	1.08272235374199e-20	5.98691325501636e-17	"Erp29"	"C3"
"Slc25a4"	3.9719537120218e-18	1.88253583291068e-14	"Slc25a4"	"C3"
"Gpaa1"	1.08946730471599e-17	4.51815709607028e-14	"Gpaa1"	"C3"
"Dynll2"	4.52561037088277e-16	1.66829083638642e-12	"Dynll2"	"C3"
"Ncl"	2.46178990088499e-15	8.16748035416614e-12	"Ncl"	"C3"
"Gatm"	6.21610918593003e-15	1.87483504056001e-11	"Gatm"	"C3"
"Apex1"	1.88739305170925e-13	4.99052803084711e-10	"Apex1"	"C3"
"Hacd2"	1.95547711972187e-13	4.99052803084711e-10	"Hacd2"	"C3"
"Hnrnpa1"	8.21154063362233e-13	1.94595916858349e-09	"Hnrnpa1"	"C3"
"Ndufc2"	1.61954024535101e-12	3.58209911466737e-09	"Ndufc2"	"C3"
"Tuba1b"	5.21139996321944e-12	1.02738085751648e-08	"Tuba1b"	"C3"
"Nudc"	5.26433209084006e-12	1.02738085751648e-08	"Nudc"	"C3"
"Vdac2"	9.95006011564007e-12	1.83396191364772e-08	"Vdac2"	"C3"
"Ncln"	1.29061740962803e-11	2.2536217789068e-08	"Ncln"	"C3"
"Cdc37"	1.74981291509694e-11	2.90267715420856e-08	"Cdc37"	"C3"
"Suclg2"	4.81147579094684e-11	7.60144439601159e-08	"Suclg2"	"C3"
"Arpc5l"	2.89049044971254e-10	4.35899098409604e-07	"Arpc5l"	"C3"
"Ssb"	6.28998645370031e-10	9.07316872062675e-07	"Ssb"	"C3"
"G3bp1"	6.57957696873044e-10	9.09544271214875e-07	"G3bp1"	"C3"
"Pebp1"	2.46141802966862e-09	3.26649863881263e-06	"Pebp1"	"C3"
"Gm17018"	2.71515171126461e-09	3.46463801248561e-06	"Gm17018"	"C3"
"Trp53"	5.49439628741237e-09	6.75139206027705e-06	"Trp53"	"C3"
"Gps1"	5.98361740692711e-09	7.08994552534359e-06	"Gps1"	"C3"
"Micos13"	7.38268225444241e-09	8.40495843769507e-06	"Micos13"	"C3"
"Snrpb"	7.60010709620677e-09	8.40495843769507e-06	"Snrpb"	"C3"
"Mcrip2"	8.69081752538011e-09	9.30113719482374e-06	"Mcrip2"	"C3"
"Prmt1"	1.3051083616447e-08	1.35311187857145e-05	"Prmt1"	"C3"
"Mrps11"	2.03154419442757e-08	2.04244065874314e-05	"Mrps11"	"C3"
"Shmt2"	2.50542513449742e-08	2.44477910844768e-05	"Shmt2"	"C3"
"Ppp1r14b"	3.8380791539089e-08	3.63817005969244e-05	"Ppp1r14b"	"C3"
"Atp5g2"	4.68220112937471e-08	4.31503852414624e-05	"Atp5g2"	"C3"
"Cdk2ap1"	6.23508935896433e-08	5.59085296384755e-05	"Cdk2ap1"	"C3"
"Ndufa4"	7.63543360850488e-08	6.66633633761491e-05	"Ndufa4"	"C3"
"Serf1"	8.31355572878258e-08	7.07227790804666e-05	"Serf1"	"C3"
"Nxt2"	9.8853233047783e-08	8.19913428206573e-05	"Nxt2"	"C3"
"3110082I17Rik"	1.29661203969887e-07	0.000104921213758754	"3110082I17Rik"	"C3"
"AU020206"	1.96725414255572e-07	0.000155399025446598	"AU020206"	"C3"
"Mrfap1"	2.34953610558111e-07	0.00018128037063922	"Mrfap1"	"C3"
"Npepl1"	2.5174897219866e-07	0.000189824446605339	"Npepl1"	"C3"
"Pcyox1l"	4.20163268303226e-07	0.000309772372277692	"Pcyox1l"	"C3"
"Cnbp"	4.97076168647824e-07	0.00035851078363541	"Cnbp"	"C3"
"Tubb5"	7.3957015743136e-07	0.000522057853470218	"Tubb5"	"C3"
"Tmem147"	8.07046383327437e-07	0.000557820372076133	"Tmem147"	"C3"
"Impdh2"	9.67989909832136e-07	0.000655408188540832	"Impdh2"	"C3"
"Cryl1"	1.29157769314888e-06	0.00085701346251201	"Cryl1"	"C3"
"Scaf11"	1.38697768699359e-06	0.000895069800364147	"Scaf11"	"C3"
"Ptpa"	1.40288843532977e-06	0.000895069800364147	"Ptpa"	"C3"
"Oxct1"	1.44819853392694e-06	0.000906544957737623	"Oxct1"	"C3"
"Lyz2"	1.84119982980191e-55	6.10854867533382e-51	"Lyz2"	"C4"
"Apoe"	3.41395868954801e-42	5.66324537215673e-38	"Apoe"	"C4"
"AB124611"	1.0481097380955e-17	1.15910455935982e-13	"AB124611"	"C4"
"Smpdl3a"	1.10402782860416e-11	9.15708281740005e-08	"Smpdl3a"	"C4"
"Rgs1"	3.92174903440713e-11	2.60223735429051e-07	"Rgs1"	"C4"
"Npc2"	8.50122413285706e-09	4.03526470011509e-05	"Npc2"	"C4"
"Mpeg1"	8.51398646677083e-09	4.03526470011509e-05	"Mpeg1"	"C4"
"H2-D1"	1.35581366911894e-07	0.000562272876254488	"H2-D1"	"C4"
"Anxa2"	1.60320767413374e-100	5.31896210047346e-96	"Anxa2"	"C5"
"F10"	6.43525660361673e-90	1.06751254169095e-85	"F10"	"C5"
"S100a10"	1.43998173207708e-76	1.59247579750403e-72	"S100a10"	"C5"
"Fn1"	1.12468494603953e-66	9.3284181136882e-63	"Fn1"	"C5"
"Plaur"	2.28425411925089e-49	1.51569397828774e-45	"Plaur"	"C5"
"Sem1"	2.087968458469e-40	1.15454215911044e-36	"Sem1"	"C5"
"Chil3"	3.35481666124092e-39	1.59003931957128e-35	"Chil3"	"C5"
"S100a4"	1.42047639487312e-35	5.89089316908817e-32	"S100a4"	"C5"
"Tgfbi"	1.02939679044469e-31	3.79469970184262e-28	"Tgfbi"	"C5"
"Vim"	7.30219719219592e-31	2.42264996245484e-27	"Vim"	"C5"
"Myl12a"	1.5706746734506e-30	4.73729760373369e-27	"Myl12a"	"C5"
"Itgb2"	1.72408912223439e-26	4.76667540069754e-23	"Itgb2"	"C5"
"Eno1"	1.99807135821603e-26	5.09923180396407e-23	"Eno1"	"C5"
"Aprt"	1.19456318121537e-25	2.83085876165587e-22	"Aprt"	"C5"
"S100a13"	4.03813886521306e-22	8.93155554207828e-19	"S100a13"	"C5"
"Arpc2"	4.62329092625833e-22	9.58668269127958e-19	"Arpc2"	"C5"
"Sirpb1c"	1.24018017738489e-21	2.42032104382932e-18	"Sirpb1c"	"C5"
"Gng5"	7.31860917099002e-21	1.34894164703298e-17	"Gng5"	"C5"
"Tmsb10"	1.47727597025649e-18	2.57955709816839e-15	"Tmsb10"	"C5"
"Rhoa"	2.15259963007222e-17	3.57083989634531e-14	"Rhoa"	"C5"
"Sec61b"	1.43338829244853e-16	2.26454873231262e-13	"Sec61b"	"C5"
"Pfn1"	4.03345459289955e-16	6.08263286493765e-13	"Pfn1"	"C5"
"Dynll1"	4.54663189197532e-16	6.55841766435066e-13	"Dynll1"	"C5"
"Sec61g"	4.93390999266671e-16	6.82051382611265e-13	"Sec61g"	"C5"
"Tgm2"	1.01302081268065e-15	1.34435966009223e-12	"Tgm2"	"C5"
"Tspo"	4.64571682216781e-15	5.92811334650237e-12	"Tspo"	"C5"
"Chmp2a"	7.51952560538723e-15	9.23982596333082e-12	"Chmp2a"	"C5"
"Vcan"	1.56293689179701e-14	1.85191275925533e-11	"Vcan"	"C5"
"Arpc1b"	9.53395854116789e-14	1.09071773282871e-10	"Arpc1b"	"C5"
"Ahnak"	4.55684899605645e-13	5.03941930473883e-10	"Ahnak"	"C5"
"Ccr2"	3.17540669961162e-12	3.3984021959037e-09	"Ccr2"	"C5"
"H2aj"	3.74887316685766e-12	3.88676140802614e-09	"H2aj"	"C5"
"Ube2d3"	6.39983055901429e-12	6.43415692292173e-09	"Ube2d3"	"C5"
"Cox17"	4.75331557711026e-11	4.63825737946432e-08	"Cox17"	"C5"
"Emp3"	7.26513991031757e-11	6.88672990870302e-08	"Emp3"	"C5"
"Ccl6"	2.06994463628436e-10	1.90762647772239e-07	"Ccl6"	"C5"
"Dmkn"	1.10978144203426e-09	9.95114024388391e-07	"Dmkn"	"C5"
"Prelid1"	1.88602116229781e-09	1.64664537109353e-06	"Prelid1"	"C5"
"Fcer1g"	6.4296878956238e-09	5.46968603366951e-06	"Fcer1g"	"C5"
"Ms4a8a"	7.48649625047193e-09	6.20948715254767e-06	"Ms4a8a"	"C5"
"Serf2"	1.21035205019869e-08	9.79410974864433e-06	"Serf2"	"C5"
"Plac8"	5.71420616328795e-08	4.51381471141439e-05	"Plac8"	"C5"
"H3f3b"	1.55381374668099e-07	0.000119885764357292	"H3f3b"	"C5"
"Rpl36al"	1.89611344264335e-07	0.000142971262924042	"Rpl36al"	"C5"
"Clic1"	2.56018693829614e-07	0.000188754049004113	"Clic1"	"C5"
"Cnih4"	2.80924447008147e-07	0.000202613703878028	"Cnih4"	"C5"
"Serp1"	4.20766661244755e-07	0.000297016500428026	"Serp1"	"C5"
"Cdc42"	4.66867712159641e-07	0.000322693126798342	"Cdc42"	"C5"
"Fkbp1a"	9.54049250160444e-07	0.000645969223930062	"Fkbp1a"	"C5"
"Ubl5"	9.92776638273713e-07	0.000658747010560139	"Ubl5"	"C5"
"Ankrd37"	1.03240034594728e-06	0.000671606789754765	"Ankrd37"	"C5"
"Mmp9"	2.80771534003567e-80	9.31515718363623e-76	"Mmp9"	"C6"
"Vasp"	3.14061338832281e-77	5.20980651921922e-73	"Vasp"	"C6"
"Hdc"	2.15141661100096e-70	2.37925163010594e-66	"Hdc"	"C6"
"Cd24a"	1.43198781780821e-67	1.18772649578556e-63	"Cd24a"	"C6"
"Srgn"	5.02687479477228e-66	3.3355325013232e-62	"Srgn"	"C6"
"Samsn1"	1.25127848712106e-65	6.91894439453585e-62	"Samsn1"	"C6"
"Il1r2"	6.53351347826476e-65	3.09660538097702e-61	"Il1r2"	"C6"
"Retnlg"	1.99627092781046e-58	8.27878507149592e-55	"Retnlg"	"C6"
"G0s2"	8.43459191409353e-58	3.10927173259866e-54	"G0s2"	"C6"
"Eif1"	1.79155427766243e-56	5.94383962700065e-53	"Eif1"	"C6"
"Lcp1"	2.09280313072509e-47	6.31208449709691e-44	"Lcp1"	"C6"
"Clec4e"	9.41447565075935e-46	2.6028671555437e-42	"Clec4e"	"C6"
"Ostf1"	5.11682136818526e-45	1.30585217332524e-41	"Ostf1"	"C6"
"Alox5ap"	9.5752910276594e-43	2.26913878874753e-39	"Alox5ap"	"C6"
"Lmnb1"	5.57095770761635e-42	1.23218442577059e-38	"Lmnb1"	"C6"
"Il1b"	3.85459802900952e-37	7.99274992552803e-34	"Il1b"	"C6"
"Mxd1"	2.25648222855459e-35	4.40372417039739e-32	"Mxd1"	"C6"
"Fpr2"	4.17086124812611e-35	7.68759242383782e-32	"Fpr2"	"C6"
"S100a11"	2.18385306963678e-33	3.81335227849153e-30	"S100a11"	"C6"
"Trem1"	2.87119833685796e-33	4.76288736109681e-30	"Trem1"	"C6"
"S100a9"	1.98955094848387e-31	3.14320627704043e-28	"S100a9"	"C6"
"F630028O10Rik"	1.13070311987152e-29	1.70515170036261e-26	"F630028O10Rik"	"C6"
"Tmcc1"	1.31173997823179e-27	1.89215640251287e-24	"Tmcc1"	"C6"
"Slpi"	1.78637789615539e-27	2.4694441441978e-24	"Slpi"	"C6"
"Ncf1"	5.75066226554062e-27	7.63158887935364e-24	"Ncf1"	"C6"
"Btg1"	1.35476852087815e-24	1.7287367391221e-21	"Btg1"	"C6"
"Msrb1"	1.51833999542501e-24	1.86570244548947e-21	"Msrb1"	"C6"
"Txnip"	1.93005330313322e-24	2.28690637278753e-21	"Txnip"	"C6"
"Coro1a"	4.87471512647167e-24	5.57684219830865e-21	"Coro1a"	"C6"
"Cd177"	2.03915854782877e-23	2.25510543804384e-20	"Cd177"	"C6"
"Mmp8"	6.43477300998815e-22	6.88666013394764e-19	"Mmp8"	"C6"
"Cd44"	1.92125015776096e-21	1.99191614012611e-18	"Cd44"	"C6"
"Csf3r"	2.03135214447085e-21	2.04224757870027e-18	"Csf3r"	"C6"
"Ptprc"	2.88399738577803e-21	2.81418768435169e-18	"Ptprc"	"C6"
"Cxcr2"	3.16619000222535e-21	3.00127673439516e-18	"Cxcr2"	"C6"
"S100a6"	5.04638160504751e-21	4.65066118085169e-18	"S100a6"	"C6"
"2310001H17Rik"	5.53305880218666e-21	4.96135924000398e-18	"2310001H17Rik"	"C6"
"Pnrc1"	2.20696401296311e-20	1.92685381731782e-17	"Pnrc1"	"C6"
"Stk17b"	3.65052906471012e-20	3.10547699435609e-17	"Stk17b"	"C6"
"Mcemp1"	1.43476587374786e-19	1.19003068483333e-16	"Mcemp1"	"C6"
"Map1lc3b"	3.81662141235383e-18	3.0883914292113e-15	"Map1lc3b"	"C6"
"Slfn2"	1.47576000431407e-17	1.16574499197924e-14	"Slfn2"	"C6"
"Resf1"	1.90821226574102e-17	1.47229670559279e-14	"Resf1"	"C6"
"Ltb"	2.59720546525096e-17	1.95835194819616e-14	"Ltb"	"C6"
"Myl12b"	7.33252527629021e-17	5.40602646869955e-14	"Myl12b"	"C6"
"Prdx5"	1.22036544430405e-15	8.8017531186251e-13	"Prdx5"	"C6"
"Actb"	1.56090511409833e-15	1.10183295681787e-12	"Actb"	"C6"
"Cd33"	3.71791239832733e-15	2.56977457581887e-12	"Cd33"	"C6"
"Fpr1"	4.61443346998598e-15	3.12434814762703e-12	"Fpr1"	"C6"
"Tnfaip2"	5.95004084065119e-15	3.94809009940569e-12	"Tnfaip2"	"C6"
"Acod1"	1.96750999932273e-14	1.27992312250059e-11	"Acod1"	"C6"
"H3f3a"	1.12338675656561e-13	7.16742354280331e-11	"H3f3a"	"C6"
"Ifitm1"	2.27909117611305e-13	1.42666807452646e-10	"Ifitm1"	"C6"
"Clec4d"	3.08979915888164e-12	1.89833827211511e-09	"Clec4d"	"C6"
"Gnai2"	4.54351969034422e-12	2.74073368666454e-09	"Gnai2"	"C6"
"Pilra"	3.86900495636505e-11	2.29217816852363e-08	"Pilra"	"C6"
"Pygl"	5.37344756558117e-11	3.12762929619801e-08	"Pygl"	"C6"
"Gpsm3"	6.05601383163984e-11	3.46414432572957e-08	"Gpsm3"	"C6"
"Glipr2"	7.17392814433859e-11	4.03405786516477e-08	"Glipr2"	"C6"
"Dgat2"	8.23888130642868e-11	4.55568941838973e-08	"Dgat2"	"C6"
"Grina"	1.50234412974756e-10	8.17102806436639e-08	"Grina"	"C6"
"Slc7a11"	2.11674392154532e-10	1.13269698524369e-07	"Slc7a11"	"C6"
"Il1rn"	3.00734034004438e-10	1.58372270574051e-07	"Il1rn"	"C6"
"Stx11"	3.9857588991178e-10	2.06618004681298e-07	"Stx11"	"C6"
"Ccr1"	4.24692385659894e-10	2.1676952736982e-07	"Ccr1"	"C6"
"Cd47"	9.674228574438e-10	4.863058809305e-07	"Cd47"	"C6"
"Actn1"	1.16888192213431e-09	5.78805903442538e-07	"Actn1"	"C6"
"Nudt4"	1.37249447806954e-09	6.69636019101664e-07	"Nudt4"	"C6"
"H2-Q10"	1.91344837763248e-09	9.20035896010329e-07	"H2-Q10"	"C6"
"Spi1"	3.33988276441906e-09	1.58296129250187e-06	"Spi1"	"C6"
"Ptafr"	1.02900976899773e-08	4.80837424028702e-06	"Ptafr"	"C6"
"Gda"	1.85511029052988e-08	8.54819362623745e-06	"Gda"	"C6"
"Cd52"	2.39368821725212e-08	1.08788210936676e-05	"Cd52"	"C6"
"Siglece"	3.62308888073897e-08	1.62436783508482e-05	"Siglece"	"C6"
"Itgal"	3.80204414179508e-08	1.68187224656447e-05	"Itgal"	"C6"
"Slfn1"	5.05273712451192e-08	2.18286407051823e-05	"Slfn1"	"C6"
"Srsf5"	5.06617637007274e-08	2.18286407051823e-05	"Srsf5"	"C6"
"Fgr"	9.09773558807096e-08	3.86968684109526e-05	"Fgr"	"C6"
"Arpc5"	1.09527529636422e-07	4.59974031740199e-05	"Arpc5"	"C6"
"Ltb4r1"	1.92453074928459e-07	7.98126958362686e-05	"Ltb4r1"	"C6"
"Dgat1"	2.13998048771628e-07	8.7652015606127e-05	"Dgat1"	"C6"
"Mcl1"	3.60199633788361e-07	0.000145735893295079	"Mcl1"	"C6"
"Ncf2"	3.79792462340192e-07	0.000150247022749504	"Ncf2"	"C6"
"Sell"	3.8040660430293e-07	0.000150247022749504	"Sell"	"C6"
"Crispld2"	3.90527259972563e-07	0.00015242968122482	"Crispld2"	"C6"
"Gsr"	5.73375259624465e-07	0.000221196174285592	"Gsr"	"C6"
"Gmfg"	8.17070920349272e-07	0.000311585769246297	"Gmfg"	"C6"
"Ier5"	9.12759949846754e-07	0.000344120873364383	"Ier5"	"C6"
"Il1f9"	9.28519239284943e-07	0.000346129020244456	"Il1f9"	"C6"
"Slc16a3"	9.71346575148292e-07	0.000358070725818832	"Slc16a3"	"C6"
"Nfe2"	1.78834534997454e-06	0.000651999271165994	"Nfe2"	"C6"
"Sorl1"	2.48022643619346e-06	0.000894418179060766	"Sorl1"	"C6"
"Cd63"	1.18497941574893e-54	3.93140620763024e-50	"Cd63"	"C7"
"Pgk1"	8.28587508869506e-38	1.37450238908818e-33	"Pgk1"	"C7"
"Ctsz"	3.72998529322517e-32	4.12499073577771e-28	"Ctsz"	"C7"
"Psmb6"	1.47973410811208e-30	1.22732846262086e-26	"Psmb6"	"C7"
"Ctsl"	2.62680482987656e-24	1.7429900768163e-20	"Ctsl"	"C7"
"Rabac1"	9.10699155074464e-23	5.03571097798423e-19	"Rabac1"	"C7"
"Bsg"	5.47350885159477e-21	2.59420861670514e-17	"Bsg"	"C7"
"Lpl"	5.55167897248731e-20	2.30235066587764e-16	"Lpl"	"C7"
"Ctsd"	1.86388849079115e-19	6.87091427321979e-16	"Ctsd"	"C7"
"Edem1"	4.63583437392873e-19	1.53803077023833e-15	"Edem1"	"C7"
"Pkm"	4.98925057284896e-18	1.49953404604121e-14	"Pkm"	"C7"
"Myo1e"	5.42376000014906e-18	1.49953404604121e-14	"Myo1e"	"C7"
"Cfl1"	2.20650245950291e-17	5.63116400760986e-14	"Cfl1"	"C7"
"Havcr2"	1.62990077533809e-16	3.86251557309941e-13	"Havcr2"	"C7"
"Med29"	6.68800173872485e-16	1.47925222457116e-12	"Med29"	"C7"
"Ykt6"	1.21169461751734e-15	2.5125245203358e-12	"Ykt6"	"C7"
"Tmed9"	1.89484161426623e-15	3.69795060214769e-12	"Tmed9"	"C7"
"Cndp2"	2.08262881109529e-15	3.83863200365047e-12	"Cndp2"	"C7"
"Pmp22"	3.55198211528977e-15	6.20232161257731e-12	"Pmp22"	"C7"
"Arhgdia"	4.23326755556066e-15	6.95633775591033e-12	"Arhgdia"	"C7"
"Prkcsh"	4.40314352937628e-15	6.95633775591033e-12	"Prkcsh"	"C7"
"Adam8"	9.89656815045573e-15	1.49244746148941e-11	"Adam8"	"C7"
"Ell2"	1.08842311865438e-14	1.57002668728681e-11	"Ell2"	"C7"
"Ppib"	2.8671853255811e-14	3.96352531445018e-11	"Ppib"	"C7"
"Aig1"	3.17427783138875e-14	4.09336995415422e-11	"Aig1"	"C7"
"Speg"	3.20787349091268e-14	4.09336995415422e-11	"Speg"	"C7"
"Psen2"	5.80306021919782e-14	6.97130179895117e-11	"Psen2"	"C7"
"Sars"	5.88348706545598e-14	6.97130179895117e-11	"Sars"	"C7"
"Emc7"	8.73630024269092e-14	9.99462872937091e-11	"Emc7"	"C7"
"Yif1a"	2.26932240348276e-13	2.50964364601159e-10	"Yif1a"	"C7"
"Dad1"	2.99893612967034e-13	3.20953883787332e-10	"Dad1"	"C7"
"Glmp"	3.9500165858297e-13	4.09530313337725e-10	"Glmp"	"C7"
"Spcs2"	8.48647831162367e-13	8.53199669529511e-10	"Spcs2"	"C7"
"Vcp"	2.97307988039483e-12	2.90111385858409e-09	"Vcp"	"C7"
"Slc39a7"	4.72875793939932e-12	4.48245720444146e-09	"Slc39a7"	"C7"
"Prrc1"	5.67369383808186e-12	5.09121258881345e-09	"Prrc1"	"C7"
"Apbb2"	5.67787520830991e-12	5.09121258881345e-09	"Apbb2"	"C7"
"Nrp2"	6.57419463239322e-12	5.739790929445e-09	"Nrp2"	"C7"
"Prmt2"	7.3720626951524e-12	6.27135702659157e-09	"Prmt2"	"C7"
"Ctla2a"	1.06723397430687e-11	8.85190539139471e-09	"Ctla2a"	"C7"
"Cdk6"	1.1656213058517e-11	9.43215074737604e-09	"Cdk6"	"C7"
"Napa"	2.33476159547019e-11	1.84429489173606e-08	"Napa"	"C7"
"Calu"	3.27962675728191e-11	2.53042271921725e-08	"Calu"	"C7"
"Tmem9b"	3.49365201000932e-11	2.63429301672907e-08	"Tmem9b"	"C7"
"Pmepa1"	3.68149542957709e-11	2.71424386371286e-08	"Pmepa1"	"C7"
"Agpat3"	3.96886606553143e-11	2.862501509916e-08	"Agpat3"	"C7"
"Anxa7"	5.88045349456657e-11	4.10179053587053e-08	"Anxa7"	"C7"
"Sec11c"	5.93441075810909e-11	4.10179053587053e-08	"Sec11c"	"C7"
"Ucp2"	9.53466781935834e-11	6.45574845393574e-08	"Ucp2"	"C7"
"Morf4l2"	1.37365039372418e-10	8.94442888035391e-08	"Morf4l2"	"C7"
"Renbp"	1.42290535349326e-10	8.94442888035391e-08	"Renbp"	"C7"
"Hk3"	1.42668274056626e-10	8.94442888035391e-08	"Hk3"	"C7"
"Slc35b1"	1.42886557150664e-10	8.94442888035391e-08	"Slc35b1"	"C7"
"Msr1"	2.13560752229569e-10	1.312093532726e-07	"Msr1"	"C7"
"Psmd2"	2.82618941740047e-10	1.70480884183809e-07	"Psmd2"	"C7"
"Acvrl1"	3.51911600332121e-10	2.08488770789621e-07	"Acvrl1"	"C7"
"Gba"	4.6308967639577e-10	2.69542564803201e-07	"Gba"	"C7"
"Milr1"	5.20674280686057e-10	2.97834665695195e-07	"Milr1"	"C7"
"Yif1b"	5.8438465850702e-10	3.28612369750634e-07	"Yif1b"	"C7"
"Lman1"	6.84779178607936e-10	3.78648646811258e-07	"Lman1"	"C7"
"Cadm1"	1.059620182409e-09	5.76311783471858e-07	"Cadm1"	"C7"
"Aopep"	1.56532060380446e-09	8.37623252780975e-07	"Aopep"	"C7"
"Lpxn"	1.78595788879976e-09	9.40519442487453e-07	"Lpxn"	"C7"
"Yipf5"	1.91871598499152e-09	9.94644378657244e-07	"Yipf5"	"C7"
"Serinc1"	2.42523408654749e-09	1.23787678906748e-06	"Serinc1"	"C7"
"Wbp2"	2.52312489661074e-09	1.2629631594271e-06	"Wbp2"	"C7"
"Ergic1"	2.55051787930239e-09	1.2629631594271e-06	"Ergic1"	"C7"
"Aga"	2.76262387355974e-09	1.34787606254546e-06	"Aga"	"C7"
"Bcar3"	2.93333845691004e-09	1.41042565195513e-06	"Bcar3"	"C7"
"Spcs1"	4.25299978294912e-09	2.01573962569861e-06	"Spcs1"	"C7"
"Gorasp2"	5.20475177991761e-09	2.43208520848348e-06	"Gorasp2"	"C7"
"Sec31a"	8.22751534955851e-09	3.79117051044865e-06	"Sec31a"	"C7"
"Psmd12"	1.2837527582125e-08	5.83439250126246e-06	"Psmd12"	"C7"
"Abca1"	1.64726085678294e-08	7.38529370884967e-06	"Abca1"	"C7"
"Nrbf2"	2.03081230456937e-08	8.98350131049307e-06	"Nrbf2"	"C7"
"Psmd1"	2.95026058419589e-08	1.28436192957441e-05	"Psmd1"	"C7"
"Tmed10"	2.99272415584919e-08	1.28436192957441e-05	"Tmed10"	"C7"
"Ufm1"	3.01956869237135e-08	1.28436192957441e-05	"Ufm1"	"C7"
"Sar1b"	3.55723306095921e-08	1.49390280080308e-05	"Sar1b"	"C7"
"Derl1"	3.74177724569473e-08	1.55176179600517e-05	"Derl1"	"C7"
"Sar1a"	4.77473336518427e-08	1.94555160684437e-05	"Sar1a"	"C7"
"Psmd11"	4.80860933059765e-08	1.94555160684437e-05	"Psmd11"	"C7"
"Golga4"	5.37045542924216e-08	2.14669397320442e-05	"Golga4"	"C7"
"Selenof"	6.48066922513089e-08	2.55963289145438e-05	"Selenof"	"C7"
"Sirt2"	7.81903921413485e-08	3.05190898832179e-05	"Sirt2"	"C7"
"Guca1a"	8.40640803082548e-08	3.24301627021741e-05	"Guca1a"	"C7"
"Stt3a"	1.57641261055427e-07	6.01156795176541e-05	"Stt3a"	"C7"
"Arl1"	1.71638887530026e-07	6.47098110407235e-05	"Arl1"	"C7"
"Fkbp2"	1.78503522138743e-07	6.65417006067086e-05	"Fkbp2"	"C7"
"Ppt1"	1.96083156166355e-07	7.22827874681239e-05	"Ppt1"	"C7"
"Afp"	2.01379873482704e-07	7.34195611267658e-05	"Afp"	"C7"
"Psmc2"	2.30791134987575e-07	8.32277987552476e-05	"Psmc2"	"C7"
"C3ar1"	2.62759002531793e-07	9.3737155129003e-05	"C3ar1"	"C7"
"Ptpra"	3.75417881800671e-07	0.000132502543239371	"Ptpra"	"C7"
"Creb3"	4.02889879066153e-07	0.000140701868608187	"Creb3"	"C7"
"Akirin1"	4.12354750075397e-07	0.000142507224408869	"Akirin1"	"C7"
"Eif3c"	4.99950714156259e-07	0.000170998606634662	"Eif3c"	"C7"
"Tmem208"	6.04263125448296e-07	0.000204567731765287	"Tmem208"	"C7"
"Rhoc"	8.13252867003613e-07	0.000272538286551302	"Rhoc"	"C7"
"Psmd7"	8.96971286380526e-07	0.000297588163682467	"Psmd7"	"C7"
"Pitpnc1"	1.0082033201584e-06	0.000331179817355397	"Pitpnc1"	"C7"
"Copg1"	1.1454224676809e-06	0.000372565502061267	"Copg1"	"C7"
"Copb1"	1.16812021875543e-06	0.000376259461142223	"Copb1"	"C7"
"Copb2"	1.3838823686824e-06	0.000440792390758575	"Copb2"	"C7"
"Gnptg"	1.39503876268651e-06	0.000440792390758575	"Gnptg"	"C7"
"2510009E07Rik"	1.87421928195006e-06	0.000586612953936388	"2510009E07Rik"	"C7"
"Ifnar2"	2.29629259510814e-06	0.000712000929232735	"Ifnar2"	"C7"
"Cd68"	2.64706221449701e-06	0.000813162806392288	"Cd68"	"C7"
"Ssr2"	2.92595324649056e-06	0.000890590374851534	"Ssr2"	"C7"
"Cd74"	1.8454407487006e-108	6.12261877196392e-104	"Cd74"	"C8"
"H2-Aa"	4.63562720099427e-99	5.1533590165278e-95	"H2-Aa"	"C8"
"H2-Ab1"	4.65987794242503e-99	5.1533590165278e-95	"H2-Ab1"	"C8"
"H2-Eb1"	3.21219567656403e-89	2.66427539903409e-85	"H2-Eb1"	"C8"
"H2-DMa"	3.57029477740661e-86	2.36903339660038e-82	"H2-DMa"	"C8"
"H2-DMb1"	3.66914895724193e-65	2.02885591590691e-61	"H2-DMb1"	"C8"
"Rps27"	5.54767316203428e-65	2.62935932138304e-61	"Rps27"	"C8"
"Gm2a"	7.5481629760746e-52	3.13031753821533e-48	"Gm2a"	"C8"
"Rps14"	3.72749118813043e-50	1.37407750165114e-46	"Rps14"	"C8"
"Rplp0"	9.57360370218016e-49	3.17623450027231e-45	"Rplp0"	"C8"
"Napsa"	2.42644103231311e-47	7.31836673900469e-44	"Napsa"	"C8"
"Rps6"	6.79765493008395e-47	1.87938164679496e-43	"Rps6"	"C8"
"Rps3a1"	1.69812165625304e-44	4.33373709150053e-41	"Rps3a1"	"C8"
"Rpl17"	7.9989159254584e-41	1.89557166899239e-37	"Rpl17"	"C8"
"Rpl18a"	9.34257030348554e-40	2.06638969972494e-36	"Rpl18a"	"C8"
"Rpl23a"	2.01393154085102e-38	4.17601292067587e-35	"Rpl23a"	"C8"
"Gpr171"	1.85183681414301e-36	3.61402294016604e-33	"Gpr171"	"C8"
"Rpl13"	3.19493238279931e-35	5.88879287022963e-32	"Rpl13"	"C8"
"Rps16"	7.83375603579704e-35	1.36789749473493e-31	"Rps16"	"C8"
"Rps7"	1.76426418116746e-34	2.92664963692963e-31	"Rps7"	"C8"
"Rps9"	6.50686322880757e-34	1.02799143496261e-30	"Rps9"	"C8"
"Rpl10"	1.18799358745763e-33	1.79154832959461e-30	"Rpl10"	"C8"
"Rpl4"	6.49518376740884e-33	9.36916138484011e-30	"Rpl4"	"C8"
"Rpl8"	6.95127220180325e-33	9.60926490996777e-30	"Rpl8"	"C8"
"Lsp1"	2.25826737339257e-31	2.99690146588181e-28	"Lsp1"	"C8"
"Rpl18"	1.32742841616823e-30	1.69384971396974e-27	"Rpl18"	"C8"
"H2-DMb2"	2.3463583569847e-30	2.88315300776597e-27	"H2-DMb2"	"C8"
"Plbd1"	2.43064975864473e-29	2.88005953723415e-26	"Plbd1"	"C8"
"Atox1"	1.69138535716088e-28	1.93500317222506e-25	"Atox1"	"C8"
"Rpl34"	2.60132528337119e-28	2.87680563088021e-25	"Rpl34"	"C8"
"Rps19"	5.17317583387388e-25	5.53646627872368e-22	"Rps19"	"C8"
"Rps11"	6.81537822046663e-24	7.06605635063817e-21	"Rps11"	"C8"
"Rps5"	1.23921725836142e-23	1.24586396911081e-20	"Rps5"	"C8"
"Fau"	2.80660276302003e-23	2.73866646672693e-20	"Fau"	"C8"
"Rps4x"	4.24442134033037e-22	4.02334762308973e-19	"Rps4x"	"C8"
"Eif3k"	1.44560518061429e-21	1.33224564103445e-18	"Eif3k"	"C8"
"Rps18"	1.86364314879883e-21	1.67108347966754e-18	"Rps18"	"C8"
"Rps3"	5.32637588225963e-21	4.65034664857178e-18	"Rps3"	"C8"
"Cd209a"	1.02079726469735e-20	8.68384380791384e-18	"Cd209a"	"C8"
"Rpl9"	2.48806737897403e-20	2.06366528580554e-17	"Rpl9"	"C8"
"Rps27a"	3.25044816125049e-19	2.63024679623922e-16	"Rps27a"	"C8"
"Rps15a"	1.52807575366071e-18	1.20707069712384e-15	"Rps15a"	"C8"
"Gpr132"	3.06965052483875e-18	2.36841384796685e-15	"Gpr132"	"C8"
"Nr4a1"	1.34104190600943e-17	1.01117607535625e-14	"Nr4a1"	"C8"
"Klrd1"	2.99793407275541e-17	2.2102768607068e-14	"Klrd1"	"C8"
"Sub1"	6.96125916961655e-17	5.0207325102254e-14	"Sub1"	"C8"
"Ccnd2"	9.2191648050063e-17	6.50774959012114e-14	"Ccnd2"	"C8"
"Rpl26"	1.89222852565103e-16	1.30788470407342e-13	"Rpl26"	"C8"
"Rpl19"	6.77398862764284e-15	4.58654327957768e-12	"Rpl19"	"C8"
"Rpl21"	1.28588076346421e-14	8.53233321789043e-12	"Rpl21"	"C8"
"Rpl35a"	2.3258301426339e-14	1.51302091455225e-11	"Rpl35a"	"C8"
"Rpl39"	5.75063473025224e-14	3.66901554703036e-11	"Rpl39"	"C8"
"Itgb7"	1.51553636342394e-13	9.48697168477662e-11	"Itgb7"	"C8"
"H2-Oa"	1.8341250376304e-13	1.12686604395303e-10	"H2-Oa"	"C8"
"Rps27rt"	5.7186797284514e-13	3.44961158819694e-10	"Rps27rt"	"C8"
"Rps23"	1.07853000565124e-12	6.38971249955202e-10	"Rps23"	"C8"
"Syngr2"	1.49659915350589e-12	8.63456024896106e-10	"Syngr2"	"C8"
"Il2rg"	1.50949300551509e-12	8.63456024896106e-10	"Il2rg"	"C8"
"Rps28"	8.02422695605205e-12	4.5121996223888e-09	"Rps28"	"C8"
"P2ry10"	1.8318619970576e-11	1.012928091273e-08	"P2ry10"	"C8"
"Nop53"	2.27242193864898e-11	1.23593676489438e-08	"Nop53"	"C8"
"Pmaip1"	4.11066291033747e-11	2.19966876413332e-08	"Pmaip1"	"C8"
"Tnip3"	5.23264223558967e-11	2.75560907063744e-08	"Tnip3"	"C8"
"Ifi30"	6.12226759326351e-11	3.17372612408911e-08	"Ifi30"	"C8"
"Rnase6"	6.60858299550911e-11	3.37312243141548e-08	"Rnase6"	"C8"
"Rps24"	8.2034945103081e-11	4.12374753588625e-08	"Rps24"	"C8"
"Avpi1"	1.89300096789672e-10	9.37374524058352e-08	"Avpi1"	"C8"
"Tspan13"	2.92276825054158e-10	1.42601003306203e-07	"Tspan13"	"C8"
"Rps15"	6.4517411329356e-10	3.10216544300586e-07	"Rps15"	"C8"
"Cbfa2t3"	1.03232671073169e-09	4.89278618313507e-07	"Cbfa2t3"	"C8"
"Btf3"	1.22675310764538e-09	5.73239265526069e-07	"Btf3"	"C8"
"Rpl14"	1.31264881709078e-09	6.0485763617529e-07	"Rpl14"	"C8"
"Rps13"	2.54518514052742e-09	1.14352492379058e-06	"Rps13"	"C8"
"Itgax"	2.55532036176687e-09	1.14352492379058e-06	"Itgax"	"C8"
"Rplp2"	2.5850549864151e-09	1.14352492379058e-06	"Rplp2"	"C8"
"Klrk1"	2.97344041063909e-09	1.29802411189175e-06	"Klrk1"	"C8"
"Lsr"	3.07089159321498e-09	1.32315545958563e-06	"Lsr"	"C8"
"Rpl35"	5.29876967185825e-09	2.25381130004156e-06	"Rpl35"	"C8"
"H2-Ob"	7.93384706497993e-09	3.33191448195999e-06	"H2-Ob"	"C8"
"Rpl6"	8.98919666164925e-09	3.72793222054421e-06	"Rpl6"	"C8"
"Ndufa6"	2.00684105859086e-08	8.21987232109492e-06	"Ndufa6"	"C8"
"Rpl3"	2.28818118201944e-08	9.25792525315355e-06	"Rpl3"	"C8"
"Grasp"	3.38541426462428e-08	1.3532275790053e-05	"Grasp"	"C8"
"Sh3bgrl3"	3.78893514741922e-08	1.49649406411818e-05	"Sh3bgrl3"	"C8"
"Rps25"	4.72409571484721e-08	1.84389792389983e-05	"Rps25"	"C8"
"Rel"	7.89263061911221e-08	3.04481169825914e-05	"Rel"	"C8"
"Ddit4"	2.39224130184178e-07	9.12268846795456e-05	"Ddit4"	"C8"
"Traf1"	2.5005227699221e-07	9.42725499292108e-05	"Traf1"	"C8"
"Ccdc12"	2.75326580527888e-07	0.000101707231940087	"Ccdc12"	"C8"
"Rpl32"	2.75903513717572e-07	0.000101707231940087	"Rpl32"	"C8"
"Rpl41"	2.85510853292573e-07	0.000104092237139425	"Rpl41"	"C8"
"Ikbkb"	3.48009934761473e-07	0.000125499191365015	"Ikbkb"	"C8"
"Qpct"	4.76250425111538e-07	0.000169898498429306	"Qpct"	"C8"
"Eif3e"	5.3809396314853e-07	0.000189918546972114	"Eif3e"	"C8"
"Gm9493"	6.10497154478344e-07	0.000213204885201348	"Gm9493"	"C8"
"Supt4a"	1.11382686960719e-06	0.000384931604718311	"Supt4a"	"C8"
"Agpat4"	1.42063780206049e-06	0.000485902065556298	"Agpat4"	"C8"
"AA467197"	2.32475072546011e-06	0.00078702300835296	"AA467197"	"C8"
"Isg15"	2.08248460863152e-69	6.90905918605671e-65	"Isg15"	"C9"
"Lgals3bp"	1.01671094442028e-61	1.68657095015156e-57	"Lgals3bp"	"C9"
"B2m"	1.07669850731278e-55	1.19072087923721e-51	"B2m"	"C9"
"Irf7"	4.72168467267977e-55	3.67695260444929e-51	"Irf7"	"C9"
"Ifit3"	5.54141815783418e-55	3.67695260444929e-51	"Ifit3"	"C9"
"Phf11b"	4.65701137184213e-46	2.57509443806012e-42	"Phf11b"	"C9"
"Fcgr1"	2.47534903685794e-36	1.17320935708336e-32	"Fcgr1"	"C9"
"Lgals9"	2.288932929012e-35	9.49249097322889e-32	"Lgals9"	"C9"
"Zbp1"	3.93478518757523e-35	1.45049297964648e-31	"Zbp1"	"C9"
"Tor3a"	1.59500172610884e-34	5.2917372267113e-31	"Tor3a"	"C9"
"Phf11d"	2.45322597803051e-34	7.39915257028342e-31	"Phf11d"	"C9"
"Oasl2"	3.75216537323199e-31	1.03737992156432e-27	"Oasl2"	"C9"
"Ifi204"	1.03867550670498e-30	2.49978005918105e-27	"Ifi204"	"C9"
"Rtp4"	1.05485489431036e-30	2.49978005918105e-27	"Rtp4"	"C9"
"Ifi35"	3.46528910344799e-30	7.6645264390063e-27	"Ifi35"	"C9"
"Stat1"	2.38477805121148e-29	4.94498633781519e-26	"Stat1"	"C9"
"Usp18"	4.78088832223729e-29	9.33032540393333e-26	"Usp18"	"C9"
"Xaf1"	1.1088758239044e-27	2.04384295609312e-24	"Xaf1"	"C9"
"Ly6e"	1.5409986611655e-24	2.69082697797304e-21	"Ly6e"	"C9"
"Ccl5"	1.94298517591215e-21	3.22312095906186e-18	"Ccl5"	"C9"
"Trim30a"	3.57121875981439e-21	5.64201546639821e-18	"Trim30a"	"C9"
"Cxcl10"	7.922253529706e-18	1.19471184252298e-14	"Cxcl10"	"C9"
"Ifit2"	1.30486711012006e-17	1.88224243967187e-14	"Ifit2"	"C9"
"Tapbp"	1.43835187933279e-17	1.98834167919266e-14	"Tapbp"	"C9"
"Psme1"	5.06638774387125e-17	6.72350184713664e-14	"Psme1"	"C9"
"Ifit1"	6.43748193116531e-17	8.21447453962584e-14	"Ifit1"	"C9"
"Rnf213"	1.79246236299994e-16	2.20253791915737e-13	"Rnf213"	"C9"
"Rsad2"	4.75222031525955e-16	5.63087190712021e-13	"Rsad2"	"C9"
"Ifi211"	1.27842617898859e-15	1.46256363242429e-12	"Ifi211"	"C9"
"Ifi209"	1.01161547974267e-14	1.11874555904742e-11	"Ifi209"	"C9"
"Tor1aip1"	2.80429772965238e-14	3.00123179924765e-11	"Tor1aip1"	"C9"
"Ccl12"	3.0393426056081e-14	3.15113342582063e-11	"Ccl12"	"C9"
"Tap1"	9.84517434813274e-14	9.89798028327273e-11	"Tap1"	"C9"
"H2-T23"	2.31723829212137e-12	2.26114749463855e-09	"H2-T23"	"C9"
"Trim30d"	2.52595285537539e-12	2.39438679665112e-09	"Trim30d"	"C9"
"Irgm1"	4.91745903945387e-12	4.53184829311003e-09	"Irgm1"	"C9"
"Eif2ak2"	6.63359522400167e-12	5.94818347964063e-09	"Eif2ak2"	"C9"
"Stard3"	1.51389029911566e-11	1.32174574878316e-08	"Stard3"	"C9"
"Sp110"	2.49621791876001e-11	2.12351338181284e-08	"Sp110"	"C9"
"Ifi206"	3.17730469496601e-11	2.63533594662218e-08	"Ifi206"	"C9"
"Ube2l6"	4.40740843732993e-11	3.56645340793402e-08	"Ube2l6"	"C9"
"Ifit3b"	1.00701868712352e-10	7.95472832921362e-08	"Ifit3b"	"C9"
"Slfn5"	1.14419394287704e-10	8.8281214983329e-08	"Slfn5"	"C9"
"Parp14"	1.27583064783979e-10	9.62005304622294e-08	"Parp14"	"C9"
"Epsti1"	5.6715386370963e-10	4.1814363858432e-07	"Epsti1"	"C9"
"Parp12"	8.66122280055767e-10	6.24681280117613e-07	"Parp12"	"C9"
"Gbp2"	9.69569163370602e-10	6.84412683683967e-07	"Gbp2"	"C9"
"Aif1"	1.6935499719131e-09	1.17056057121169e-06	"Aif1"	"C9"
"Psme2"	2.69460245080665e-09	1.82446582674311e-06	"Psme2"	"C9"
"Psmb10"	6.62179315319825e-09	4.37677292782043e-06	"Psmb10"	"C9"
"Parp9"	6.72801697919769e-09	4.37677292782043e-06	"Parp9"	"C9"
"Ifih1"	1.23758324569115e-08	7.89601910428755e-06	"Ifih1"	"C9"
"H2-K1"	3.50186536924671e-08	2.19210164821695e-05	"H2-K1"	"C9"
"Evi2a"	3.80807910136814e-08	2.33964148789057e-05	"Evi2a"	"C9"
"Marchf5"	5.84868210454707e-08	3.52803138513742e-05	"Marchf5"	"C9"
"Lap3"	6.54750005276958e-08	3.87904302233458e-05	"Lap3"	"C9"
"Dhx58"	8.2580557281445e-08	4.80662306829211e-05	"Dhx58"	"C9"
"Trafd1"	9.65013678584125e-08	5.52004462316992e-05	"Trafd1"	"C9"
"Ogfr"	1.06572846055466e-07	5.99282595522407e-05	"Ogfr"	"C9"
"Apobec3"	1.86347305835875e-07	0.000103040742761947	"Apobec3"	"C9"
"Phf11a"	3.19641720728933e-07	0.000173848415879079	"Phf11a"	"C9"
"Dtx3l"	3.39113593316071e-07	0.000181464059442699	"Dtx3l"	"C9"
"H2-Q7"	7.26435728687761e-07	0.000382554891597998	"H2-Q7"	"C9"
"Sp100"	8.56864570544451e-07	0.000444190560264895	"Sp100"	"C9"
"Igtp"	1.14996960698329e-06	0.000586962179244379	"Igtp"	"C9"
"Mx1"	1.52327626577492e-06	0.000765723282872946	"Mx1"	"C9"
"Ccl4"	1.6338126707317e-06	0.000809029895177101	"Ccl4"	"C9"
"Ptma"	1.66772642206065e-46	5.53301595047065e-42	"Ptma"	"C10"
"Gmnn"	3.74107496517704e-37	6.20588220598395e-33	"Gmnn"	"C10"
"Csrp1"	1.98297788988305e-29	2.19297524842166e-25	"Csrp1"	"C10"
"Siva1"	2.23911281553372e-28	1.85717614702405e-24	"Siva1"	"C10"
"Hmgb2"	3.021960573987e-27	2.00519171926334e-23	"Hmgb2"	"C10"
"Dut"	1.70089864296941e-24	9.40511904629937e-21	"Dut"	"C10"
"Cdkn2d"	1.13231992048985e-22	5.36671114315598e-19	"Cdkn2d"	"C10"
"Hmgb3"	7.5669554450597e-22	3.13811101000932e-18	"Hmgb3"	"C10"
"H2az1"	7.1042077644753e-20	2.61884778891108e-16	"H2az1"	"C10"
"Lsm5"	4.41288148201961e-19	1.46406168928964e-15	"Lsm5"	"C10"
"Hmgn2"	2.19552553955681e-18	6.2907253768321e-15	"Hmgn2"	"C10"
"Ptpn7"	2.27533244482579e-18	6.2907253768321e-15	"Ptpn7"	"C10"
"Lmo4"	3.9936488663168e-18	1.01920991105994e-14	"Lmo4"	"C10"
"Arpp19"	6.46425091264721e-18	1.53188894663497e-14	"Arpp19"	"C10"
"Smc4"	1.36414255168396e-17	3.01721049581457e-14	"Smc4"	"C10"
"Rpa3"	2.10310346923456e-17	4.36091648742468e-14	"Rpa3"	"C10"
"Me2"	9.48314474529146e-17	1.85071937185021e-13	"Me2"	"C10"
"Tle5"	1.135057461112e-16	2.09210007707293e-13	"Tle5"	"C10"
"Asf1b"	1.60750550606453e-16	2.80695843024753e-13	"Asf1b"	"C10"
"Pclaf"	3.16597866567445e-16	5.25188370955406e-13	"Pclaf"	"C10"
"Lbr"	4.27172045684273e-16	6.74870807603197e-13	"Lbr"	"C10"
"Atad2"	9.08338110736988e-16	1.36981515908732e-12	"Atad2"	"C10"
"Dnmt1"	1.09220032958032e-14	1.57547523193419e-11	"Dnmt1"	"C10"
"Pnkp"	4.72279402530806e-14	6.52867239073524e-11	"Pnkp"	"C10"
"Tkt"	8.21461737615271e-14	1.09014544275447e-10	"Tkt"	"C10"
"Snrpe"	9.99313394251133e-14	1.275162326195e-10	"Snrpe"	"C10"
"Haus8"	1.68378083539457e-13	2.06899247318095e-10	"Haus8"	"C10"
"Lsm8"	1.83011547048067e-13	2.16849074871919e-10	"Lsm8"	"C10"
"Ppil1"	2.24632024817683e-13	2.5698678232332e-10	"Ppil1"	"C10"
"Impa2"	3.00849663687077e-13	3.32709643071539e-10	"Impa2"	"C10"
"Anp32b"	3.4690256837238e-13	3.71264080996467e-10	"Anp32b"	"C10"
"Flot2"	3.8396714243289e-13	3.980899338905e-10	"Flot2"	"C10"
"H2az2"	4.73421032070967e-13	4.75960290333894e-10	"H2az2"	"C10"
"Alyref"	5.65191069787407e-13	5.51510121245199e-10	"Alyref"	"C10"
"Lta4h"	1.01812920019897e-12	9.65099213571461e-10	"Lta4h"	"C10"
"Rrm2"	4.14722317950821e-12	3.82201176184844e-09	"Rrm2"	"C10"
"G6pdx"	4.94333978379483e-12	4.43257254072867e-09	"G6pdx"	"C10"
"Gm8186"	5.58865997195459e-12	4.87934136551414e-09	"Gm8186"	"C10"
"Tor1a"	7.97342239061781e-12	6.78292909368018e-09	"Tor1a"	"C10"
"Slbp"	9.58644262692151e-12	7.95123517583436e-09	"Slbp"	"C10"
"Trem3"	2.72667186312497e-11	2.20640957080237e-08	"Trem3"	"C10"
"H2ax"	5.05559937346817e-11	3.99356239079888e-08	"H2ax"	"C10"
"Csrp2"	5.71854150052279e-11	4.41218724099639e-08	"Csrp2"	"C10"
"Dck"	8.10208265379631e-11	6.10915445920453e-08	"Dck"	"C10"
"Usp1"	9.50390344938439e-11	7.00691121644945e-08	"Usp1"	"C10"
"Gm10282"	1.07968766572615e-10	7.78712993169492e-08	"Gm10282"	"C10"
"Serpinb1a"	1.84320256452238e-10	1.27460334557057e-07	"Serpinb1a"	"C10"
"Rab3d"	1.84407754129028e-10	1.27460334557057e-07	"Rab3d"	"C10"
"Nasp"	6.83716064447406e-10	4.62931589187175e-07	"Nasp"	"C10"
"Ube2s"	1.31336560864002e-09	8.71470615957001e-07	"Ube2s"	"C10"
"Triobp"	1.60059931436353e-09	1.0412369304439e-06	"Triobp"	"C10"
"Nudt21"	1.85941051725302e-09	1.18633966790199e-06	"Nudt21"	"C10"
"Mis18a"	2.04560226157948e-09	1.28050841947967e-06	"Mis18a"	"C10"
"Atg101"	2.27294452407822e-09	1.3964718606545e-06	"Atg101"	"C10"
"Rpia"	2.31773454059389e-09	1.39809961551424e-06	"Rpia"	"C10"
"Fam104a"	3.44691077485343e-09	2.04210997816629e-06	"Fam104a"	"C10"
"Erh"	4.62085793887614e-09	2.68958252347533e-06	"Erh"	"C10"
"Faf1"	6.49070249204633e-09	3.71279373411416e-06	"Faf1"	"C10"
"Raly"	7.5273385671147e-09	4.2327883329011e-06	"Raly"	"C10"
"Cdca8"	9.49242182812792e-09	5.24883464986333e-06	"Cdca8"	"C10"
"Pcbd2"	1.02082558658309e-08	5.55211975181431e-06	"Pcbd2"	"C10"
"Rpa1"	1.22388633573462e-08	6.54917370333344e-06	"Rpa1"	"C10"
"Magoh"	1.48372571276371e-08	7.81358221783518e-06	"Magoh"	"C10"
"Cklf"	1.59129951268284e-08	8.14719619953909e-06	"Cklf"	"C10"
"Ugdh"	1.59618938713579e-08	8.14719619953909e-06	"Ugdh"	"C10"
"Mrpl18"	1.68164497873804e-08	8.45332355448362e-06	"Mrpl18"	"C10"
"Frg1"	2.13830318844879e-08	1.0588430579577e-05	"Frg1"	"C10"
"Ezh2"	2.37737214785596e-08	1.1599128786679e-05	"Ezh2"	"C10"
"Top2a"	2.82963060609564e-08	1.36056021186138e-05	"Top2a"	"C10"
"Lsm3"	3.28498284082518e-08	1.55694108157224e-05	"Lsm3"	"C10"
"Nin"	3.86845054328914e-08	1.80765610809442e-05	"Nin"	"C10"
"Smc6"	4.15953080500472e-08	1.91667713218946e-05	"Smc6"	"C10"
"Mcm6"	5.51740365189789e-08	2.50754658847967e-05	"Mcm6"	"C10"
"Ccna2"	5.82706943222089e-08	2.61249571017287e-05	"Ccna2"	"C10"
"Adpgk"	6.76657082340411e-08	2.99326026944104e-05	"Adpgk"	"C10"
"Adss"	7.01492255113241e-08	3.06229059840684e-05	"Adss"	"C10"
"Cmc2"	9.46101316682174e-08	4.07646797189149e-05	"Cmc2"	"C10"
"Cpne3"	1.03632744207661e-07	4.40797891612511e-05	"Cpne3"	"C10"
"Mrpl40"	1.24082050596723e-07	5.21097492740188e-05	"Mrpl40"	"C10"
"Get4"	1.39956780483725e-07	5.80418263263567e-05	"Get4"	"C10"
"Fdps"	1.84615799640945e-07	7.56172640084892e-05	"Fdps"	"C10"
"Magohb"	2.02534214913283e-07	8.19448493680241e-05	"Magohb"	"C10"
"Nsmce4a"	2.0648147067256e-07	8.25353705120908e-05	"Nsmce4a"	"C10"
"Mthfd2"	2.79424648629306e-07	0.000110362756756839	"Mthfd2"	"C10"
"Mrpl57"	2.98746543276025e-07	0.000116606047838455	"Mrpl57"	"C10"
"Ppp1cb"	4.21968558454286e-07	0.000161843248897971	"Ppp1cb"	"C10"
"Trappc5"	4.24401321823055e-07	0.000161843248897971	"Trappc5"	"C10"
"Mettl9"	4.47266774628051e-07	0.000168624656611759	"Mettl9"	"C10"
"Dtl"	4.90320977135696e-07	0.000182779539982371	"Dtl"	"C10"
"Rbbp4"	5.68857917945054e-07	0.000209699990485145	"Rbbp4"	"C10"
"Grk6"	6.40260982956533e-07	0.000233427897049988	"Grk6"	"C10"
"Ybx3"	6.78440835869316e-07	0.000244659039256916	"Ybx3"	"C10"
"Fbxo5"	7.55271894823879e-07	0.000269437157576041	"Fbxo5"	"C10"
"Nt5c3"	8.17156333574336e-07	0.000288412719989317	"Nt5c3"	"C10"
"Tma7"	8.47229580423284e-07	0.00029587932410214	"Tma7"	"C10"
"Rgs18"	8.68244621458571e-07	0.000300059914647198	"Rgs18"	"C10"
"Cox7a2"	9.02259628986272e-07	0.000308600698050284	"Cox7a2"	"C10"
"Psip1"	1.21356868818237e-06	0.000408793166277598	"Psip1"	"C10"
"Rab5if"	1.21983673814637e-06	0.000408793166277598	"Rab5if"	"C10"
"Rab24"	1.45140002940798e-06	0.000481530987756685	"Rab24"	"C10"
"Smc2"	1.50719871263109e-06	0.000495092392960016	"Smc2"	"C10"
"Cox5a"	1.52783747979182e-06	0.000496951608500522	"Cox5a"	"C10"
"Mrps16"	1.74257129798827e-06	0.000557542835291304	"Mrps16"	"C10"
"Ppp1cc"	1.74773050216402e-06	0.000557542835291304	"Ppp1cc"	"C10"
"Kpna2"	2.19162203993367e-06	0.000692489946846469	"Kpna2"	"C10"
"Sumo2"	2.37778508831965e-06	0.000742022997407801	"Sumo2"	"C10"
"Dtymk"	2.3931175429555e-06	0.000742022997407801	"Dtymk"	"C10"
"Ccnd3"	2.49784912917642e-06	0.000767325375543391	"Ccnd3"	"C10"
"Hnrnpab"	2.61860364353232e-06	0.000792847146434001	"Hnrnpab"	"C10"
"Tagln2"	2.62872430020014e-06	0.000792847146434001	"Tagln2"	"C10"
"Acot7"	2.73690064692659e-06	0.000818037412280032	"Acot7"	"C10"
"Pf4"	8.22642000706379e-81	2.72927936574352e-76	"Pf4"	"C11"
"Fcgrt"	4.99796230228712e-46	8.290869765149e-42	"Fcgrt"	"C11"
"Mrc1"	2.17099745096762e-45	2.40090608102511e-41	"Mrc1"	"C11"
"Stab1"	6.26730174289413e-44	5.19825674809996e-40	"Stab1"	"C11"
"Selenop"	5.40331897228767e-43	3.58531827087176e-39	"Selenop"	"C11"
"Maf"	4.44234694669345e-42	2.45639574417416e-38	"Maf"	"C11"
"Ms4a6b"	2.91556262057484e-40	1.38185172946873e-36	"Ms4a6b"	"C11"
"Folr2"	8.34466146997342e-36	3.46063541986634e-32	"Folr2"	"C11"
"Cbr2"	1.12293567737134e-34	4.13951521868318e-31	"Cbr2"	"C11"
"Serpinb6a"	2.09553519222227e-20	6.95235710723581e-17	"Serpinb6a"	"C11"
"Snx2"	3.49050976211446e-20	9.78406893768238e-17	"Snx2"	"C11"
"Mt1"	3.53886208072425e-20	9.78406893768238e-17	"Mt1"	"C11"
"Nrp1"	4.73649961913439e-19	1.20879113741555e-15	"Nrp1"	"C11"
"Igfbp4"	9.51768001359232e-19	2.25548621293537e-15	"Igfbp4"	"C11"
"F13a1"	2.66095296835445e-18	5.88549577540639e-15	"F13a1"	"C11"
"Ap2a2"	6.29178556520017e-17	1.30464106060404e-13	"Ap2a2"	"C11"
"Gas6"	6.48983130202657e-16	1.26654784180786e-12	"Gas6"	"C11"
"Cd38"	8.29169230442871e-16	1.52829708657795e-12	"Cd38"	"C11"
"Pltp"	7.99193141447802e-14	1.39551741335862e-10	"Pltp"	"C11"
"Dab2"	1.29093684382334e-13	2.14147058337634e-10	"Dab2"	"C11"
"Blvrb"	3.35685147426953e-13	5.30334577913525e-10	"Blvrb"	"C11"
"Ptpn18"	6.77248336755775e-13	1.02132127584302e-09	"Ptpn18"	"C11"
"Clec4a1"	4.4093595321554e-12	6.36040526949217e-09	"Clec4a1"	"C11"
"Cd163"	1.22037549471627e-11	1.6870165745084e-08	"Cd163"	"C11"
"Ccl7"	6.02621935459006e-11	7.99727518108936e-08	"Ccl7"	"C11"
"Cd36"	6.49971396259861e-11	8.02994080381834e-08	"Cd36"	"C11"
"Cltc"	6.53490073554255e-11	8.02994080381834e-08	"Cltc"	"C11"
"Mt2"	7.36271678183476e-11	8.72403052396184e-08	"Mt2"	"C11"
"Wwp1"	2.99182430548348e-10	3.42275017182846e-07	"Wwp1"	"C11"
"Adgre1"	7.17570743721898e-10	7.93561485482048e-07	"Adgre1"	"C11"
"Snx6"	1.6637541203551e-09	1.78059259519423e-06	"Snx6"	"C11"
"Ms4a6c"	3.01070416063888e-09	3.12144162304738e-06	"Ms4a6c"	"C11"
"Smagp"	3.384735807541e-09	3.40289029959964e-06	"Smagp"	"C11"
"Tsc22d3"	4.47804331476149e-09	4.36964832511299e-06	"Tsc22d3"	"C11"
"C4b"	2.68637101677326e-08	2.54644946352818e-05	"C4b"	"C11"
"P2rx7"	2.77844155487504e-08	2.56056542961359e-05	"P2rx7"	"C11"
"Ltc4s"	2.96626034531254e-08	2.65977349936308e-05	"Ltc4s"	"C11"
"Hspa1a"	6.55688234524898e-08	5.72467593600856e-05	"Hspa1a"	"C11"
"Ms4a6d"	4.91372454526409e-07	0.000418006767277504	"Ms4a6d"	"C11"
"Stard8"	7.31477952068776e-07	0.000606706100394645	"Stard8"	"C11"
"Hgsnat"	1.09746376580763e-06	0.00088806232580975	"Hgsnat"	"C11"
