	p_val	avg_logFC	pct.1	pct.2	p_val_adj
Mt3	0	3.16682319088041	0.917	0.181	0
Nnat	0	2.75836621434174	0.806	0.101	0
Dbi	0	2.73258210112914	0.998	0.822	0
Plp1	0	2.68323692657123	0.475	0.196	0
Clu	0	2.48413443521851	0.778	0.125	0
Ptgds	0	2.22902585524776	0.254	0.109	0
Ecrg4	0	2.21596050678658	0.573	0.052	0
Mt1	0	2.05231372224642	0.983	0.942	0
Chchd10	0	2.02686309369996	0.695	0.162	0
Mt2	0	2.02150992541709	0.883	0.522	0
Gfap	0	1.98993101011654	0.466	0.101	0
Tuba1a	0	1.86436672677114	0.991	0.569	0
Ckb	0	1.84930026311474	0.984	0.629	0
Cryab	0	1.81214367363767	0.617	0.115	0
Mia	0	1.77685148108975	0.529	0.027	0
Cldn11	0	1.63356634354107	0.217	0.053	0
Rarres2	0	1.60061462040189	0.488	0.058	0
Tppp3	0	1.56376260564711	0.654	0.074	0
Gpm6b	0	1.52865600720962	0.692	0.072	0
Aldoc	0	1.52131819547589	0.613	0.094	0
Cnp	0	1.52033380171365	0.635	0.197	0
Cnn3	0	1.51979520625369	0.889	0.242	0
Serpina3n	0	1.50701215779549	0.443	0.064	0
S100b	0	1.50310456271307	0.82	0.113	0
Sox9	0	1.50248496923396	0.586	0.031	0
Atp1b2	0	1.45206357788853	0.631	0.089	0
Scd2	0	1.44770948776065	0.786	0.245	0
Ccdc153	0	1.42890934939478	0.389	0.013	0
Fez1	0	1.41190885780592	0.85	0.059	0
Hspb1	0	1.40335038241806	0.589	0.399	0
Ptprz1	0	1.38928175827821	0.429	0.02	0
Olig1	0	1.3785340968835	0.336	0.023	0
Trf	0	1.31930376175898	0.449	0.636	0
Ndrg2	0	1.31723578332068	0.662	0.078	0
Fam183b	0	1.30955199771749	0.52	0.018	0
Tmem212	0	1.30378859451184	0.424	0.013	0
Cspg5	0	1.30307099949056	0.273	0.021	0
Pcsk1n	0	1.30187181767926	0.744	0.046	0
Slc1a2	0	1.2913917721249	0.354	0.058	0
Syt11	0	1.28997287473859	0.66	0.105	0
Aplp1	0	1.26920565315652	0.34	0.067	0
S100a16	0	1.26735309499602	0.533	0.231	0
Rsph1	0	1.25853198734912	0.519	0.017	0
Tm4sf1	0	1.2553753073899	0.699	0.333	0
Tspan3	0	1.24358480360218	0.912	0.355	0
Vgf	0	1.21139228843259	0.156	0.017	0
Il33	0	1.20288482588387	0.23	0.033	0
Sox2	0	1.19375774053509	0.658	0.013	0
Gpr37l1	0	1.1869510107709	0.477	0.027	0
Mobp	0	1.17960987226116	0.235	0.106	0
Hspa2	0	1.16975078028088	0.59	0.067	0
Ccn1	0	1.15940946725976	0.598	0.203	0
Vim	0	1.14585225611275	0.816	0.777	0
Ntrk2	0	1.13139837324623	0.708	0.026	0
Mbp	0	1.13115023684511	0.484	0.343	0
Fabp7	0	1.13105489082449	0.44	0.037	0
Zbtb20	0	1.08314522119882	0.861	0.354	0
Hsp90aa1	0	1.0824232108903	0.988	0.833	0
Pdlim4	0	1.07926732722106	0.607	0.192	0
Dynlrb2	0	1.07188496686095	0.44	0.01	0
Prnp	0	1.06990744580201	0.889	0.285	0
Atp1a2	0	1.06832172074922	0.38	0.115	0
Fxyd1	0	1.06766076648594	0.529	0.043	0
Rtn1	0	1.06540812331713	0.545	0.076	0
1110017D15Rik	0	1.0640419379184	0.432	0.012	0
Cfap126	0	1.04760699663338	0.499	0.024	0
Tubb4b	0	1.043568647535	0.811	0.402	0
Fos	0	1.04148943955947	0.921	0.846	0
Gadd45g	0	1.04138718043558	0.647	0.279	0
Rbp1	0	1.02464847507351	0.479	0.123	0
mt-Cytb	0	1.02054635312724	1	0.998	0
Tubb2b	0	1.0080070261835	0.441	0.105	0
1700007K13Rik	0	1.00418282202215	0.453	0.011	0
Aebp1	0	0.998579089312885	0.581	0.034	0
Tubb4a	0	0.995543163778245	0.263	0.03	0
Cdr1os	0	0.994451662455436	0.338	0.013	0
S100a1	0	0.984994743904092	0.689	0.39	0
Nap1l5	0	0.982125973021172	0.652	0.035	0
Ccnd1	0	0.980978171964445	0.39	0.267	0
Scrg1	0	0.979098067418176	0.313	0.018	0
Cd24a	0	0.965272762338076	0.638	0.282	0
Malat1	0	0.96476922365979	0.999	0.998	0
Pfn2	0	0.96275978764053	0.649	0.054	0
Bex3	0	0.961988819609334	0.803	0.289	0
Fhl1	0	0.960965399856199	0.515	0.028	0
Pebp1	0	0.957417106082821	0.967	0.717	0
Ncam1	0	0.956466720782492	0.679	0.03	0
Aqp4	0	0.956287980172278	0.256	0.027	0
Mrps6	0	0.954859306553355	0.596	0.157	0
mt-Nd4	0	0.951712585061188	0.999	0.992	0
Nfix	0	0.948669190554681	0.708	0.168	0
Cntn1	0	0.94665364697092	0.37	0.02	0
Elof1	0	0.945218208808549	0.683	0.337	0
Uchl1	0	0.93811846355804	0.613	0.097	0
S100a10	0	0.937333881229862	0.681	0.461	0
Nudt4	0	0.934982720914082	0.571	0.207	0
Foxj1	0	0.933920006745115	0.432	0.013	0
Gap43	0	0.929767350390699	0.38	0.029	0
Ezr	0	0.922310621703827	0.548	0.223	0
Slc25a4	0	0.916353697959263	0.951	0.698	0
Mlf1	0	0.913396519763044	0.482	0.018	0
Dclk1	0	0.912424633494554	0.513	0.029	0
Vcan	0	0.901731657905246	0.317	0.054	0
Ddr1	0	0.900732855071211	0.62	0.019	0
Pllp	0	0.899413371361459	0.338	0.14	0
Tsc22d4	0	0.893523187270159	0.79	0.48	0
Prdx6	0	0.893338603687343	0.866	0.567	0
Stmn4	0	0.891669665917472	0.258	0.028	0
Ly6h	0	0.890611761436239	0.52	0.022	0
Riiad1	0	0.888007643436164	0.447	0.012	0
Mlc1	0	0.884572653241096	0.491	0.015	0
Plekhb1	0	0.88369342864512	0.632	0.054	0
1700094D03Rik	0	0.882559535201074	0.215	0.012	0
Pde6d	0	0.870339647353414	0.63	0.198	0
Chst2	0	0.866762229594091	0.365	0.082	0
mt-Nd2	0	0.865058885400948	0.994	0.938	0
Lhfpl3	0	0.864648974462395	0.25	0.009	0
Ramp1	0	0.862277594442482	0.63	0.235	0
H2bc4	0	0.852763516713468	0.762	0.306	0
Nfia	0	0.85009639287461	0.699	0.219	0
Tmem107	0	0.848514430143283	0.52	0.05	0
Stmn2	0	0.848447123348463	0.314	0.055	0
Gm19935	0	0.845930889131659	0.378	0.007	0
Dhrs1	0	0.843960419126592	0.555	0.236	0
Ank2	0	0.840774293881003	0.595	0.074	0
Ccdc34	0	0.825476261232776	0.614	0.167	0
Hmgb1	0	0.824564711903166	0.99	0.886	0
Kif1b	0	0.818149993648675	0.638	0.22	0
mt-Nd5	0	0.815859507046875	0.82	0.567	0
Map1b	0	0.813291162080255	0.639	0.104	0
Serpine2	0	0.809717666348158	0.794	0.467	0
Msmo1	0	0.808083307620726	0.535	0.182	0
Tnr	0	0.801950817393468	0.237	0.009	0
Mog	0	0.80073677304389	0.125	0.016	0
Cystm1	0	0.797348796389128	0.731	0.152	0
Meg3	0	0.796670201770868	0.681	0.067	0
Dbndd2	0	0.796532022591685	0.34	0.094	0
Hmgcs1	0	0.796196020121623	0.496	0.152	0
1700016K19Rik	0	0.793379693135204	0.417	0.006	0
Pdgfra	0	0.783881205957929	0.217	0.017	0
Gja1	0	0.78134711331144	0.5	0.145	0
Prelp	0	0.777833564595749	0.449	0.017	0
mt-Co3	0	0.775116342351246	1	1	0
Itm2c	0	0.774993561978057	0.877	0.709	0
Ermn	0	0.774313995379501	0.133	0.021	0
Nrxn1	0	0.771163054679964	0.293	0.021	0
Chpt1	0	0.771013168108641	0.551	0.115	0
Sulf2	0	0.765957089350774	0.533	0.091	0
Gm14964	0	0.763187299801012	0.418	0.016	0
Prxl2a	0	0.760166118456854	0.615	0.076	0
Odf3b	0	0.758227629131754	0.415	0.022	0
mt-Atp6	0	0.755729619425844	1	1	0
Sirt2	0	0.750645852472799	0.659	0.49	0
Ednrb	0	0.74979190214181	0.471	0.041	0
Enpp2	0	0.746696093910997	0.345	0.07	0
Syne1	0	0.741815203882598	0.483	0.144	0
Id4	0	0.740333015680756	0.364	0.012	0
Ctxn1	0	0.739762793330813	0.542	0.02	0
Ascc1	0	0.739401166764233	0.435	0.125	0
Tmem47	0	0.738849362620185	0.475	0.024	0
Gstm5	0	0.737653700991201	0.635	0.185	0
Htra1	0	0.736145392195945	0.274	0.071	0
Ttyh1	0	0.735067518586442	0.424	0.023	0
C1ql1	0	0.734813896335083	0.206	0.007	0
mt-Co1	0	0.733706762935962	1	1	0
Slc14a1	0	0.72250770835683	0.426	0.009	0
Sparcl1	0	0.72212178431439	0.659	0.275	0
Atxn7l3b	0	0.721652393232423	0.823	0.441	0
Enkur	0	0.72121231034229	0.383	0.012	0
Tubb2a	0	0.718206514029592	0.599	0.348	0
2410004P03Rik	0	0.717601411491805	0.413	0.007	0
Hoxa7	0	0.714110728551226	0.562	0.053	0
Sox4	0	0.712063955537046	0.512	0.182	0
Nedd4	0	0.708597553068156	0.704	0.206	0
Ndfip1	0	0.707796620970864	0.5	0.348	0
Shisa4	0	0.706898103935967	0.52	0.021	0
Plpp3	0	0.70406780304968	0.554	0.122	0
Lmo4	0	0.699704534959498	0.652	0.27	0
Bex2	0	0.696034073141297	0.502	0.029	0
Maged1	0	0.695188109303213	0.632	0.185	0
Dner	0	0.693803364642734	0.468	0.018	0
Slc4a4	0	0.693461191814074	0.314	0.022	0
Nrcam	0	0.689576022208176	0.302	0.014	0
Slc38a1	0	0.685941258760111	0.56	0.187	0
Prdx2	0	0.684089308957053	0.9	0.673	0
3300002A11Rik	0	0.682186542643759	0.288	0.006	0
Ccnd2	0	0.681102649067604	0.582	0.188	0
Tecr	0	0.679187323247457	0.798	0.481	0
Psip1	0	0.678869928582592	0.567	0.116	0
Ywhaq	0	0.677554693637661	0.886	0.677	0
Dynll1	0	0.676796431365221	0.989	0.913	0
Nudc	0	0.675823906341673	0.83	0.518	0
Msi2	0	0.675220804656025	0.576	0.182	0
Clcn4	0	0.674583769686282	0.619	0.261	0
Lrrc51	0	0.673973446526636	0.42	0.015	0
Timp4	0	0.671955249427917	0.389	0.013	0
1700012B09Rik	0	0.671281421031392	0.364	0.009	0
Cfl2	0	0.670167485767859	0.66	0.235	0
Kcnj10	0	0.668825727835955	0.445	0.027	0
Hbegf	0	0.66690060133318	0.518	0.212	0
Bphl	0	0.663983334109886	0.506	0.116	0
Tubb3	0	0.660208403325286	0.252	0.022	0
Ak7	0	0.660163272315577	0.314	0.004	0
Agpat4	0	0.65934030738382	0.59	0.179	0
mt-Co2	0	0.656890792247009	1	0.998	0
4933434E20Rik	0	0.656118008363385	0.579	0.324	0
Tspan6	0	0.655148532361076	0.534	0.047	0
Cpe	0	0.652425169315896	0.435	0.159	0
Zcchc18	0	0.652335803687759	0.512	0.021	0
Thra	0	0.650882746281476	0.585	0.111	0
Mid1ip1	0	0.648340305844846	0.677	0.254	0
Calml4	0	0.642076659770178	0.377	0.013	0
Atp1a1	0	0.642029247624044	0.739	0.514	0
Ncald	0	0.641822781418611	0.309	0.014	0
Cfap54	0	0.640012470012242	0.308	0.005	0
Cetn2	0	0.638667763417783	0.614	0.284	0
Bcan	0	0.637358700164258	0.247	0.013	0
Nrxn2	0	0.637021487321418	0.42	0.02	0
Nme5	0	0.63622134557425	0.407	0.013	0
Gm1673	0	0.635628368343426	0.673	0.221	0
Meig1	0	0.634586386823109	0.369	0.01	0
Slc5a3	0	0.632863889182748	0.369	0.056	0
Mdk	0	0.631253077581883	0.46	0.037	0
Arl3	0	0.631105144767131	0.7	0.242	0
Hmgn1	0	0.629737277314212	0.868	0.611	0
Cd9	0	0.629429114136264	0.964	0.859	0
Pifo	0	0.626113483059749	0.389	0.005	0
Nr2f1	0	0.623001450696238	0.433	0.018	0
Luzp2	0	0.621653740693483	0.374	0.007	0
Gpm6a	0	0.618846120791863	0.324	0.025	0
Rcn2	0	0.618715237143933	0.643	0.279	0
Bcas1	0	0.618375461922166	0.337	0.045	0
Scg5	0	0.61804637292605	0.52	0.021	0
Aig1	0	0.615222027056279	0.624	0.217	0
Mns1	0	0.61451158946629	0.376	0.015	0
Ank3	0	0.611118402598485	0.317	0.02	0
Gpd1	0	0.610526486870704	0.272	0.024	0
Cfap36	0	0.609559031645856	0.609	0.155	0
Egr1	0	0.608921854536117	0.691	0.492	0
Mapt	0	0.608206075397077	0.319	0.028	0
Syt4	0	0.605429603966374	0.215	0.016	0
Ywhae	0	0.60529645571718	0.98	0.891	0
Cfap298	0	0.604544789307383	0.539	0.136	0
Dst	0	0.601940628483709	0.61	0.297	0
Hspa4l	0	0.599371277245009	0.459	0.076	0
Qk	0	0.59594822797103	0.765	0.674	0
Chchd6	0	0.595322515809816	0.547	0.095	0
Hopx	0	0.595196592259964	0.299	0.039	0
F3	0	0.593093904552701	0.291	0.05	0
Anks1b	0	0.592367353640956	0.284	0.014	0
Tspan15	0	0.591865246767099	0.482	0.028	0
Olfm2	0	0.590670708546759	0.199	0.012	0
Acsl3	0	0.589382205038563	0.39	0.072	0
Hsph1	0	0.587418449760379	0.565	0.183	0
1700088E04Rik	0	0.586229087983584	0.403	0.013	0
Metrn	0	0.584852221819956	0.484	0.068	0
Fzd3	0	0.583501750653493	0.384	0.023	0
Slc22a17	0	0.58348937019828	0.406	0.067	0
Olig2	0	0.583353649585066	0.224	0.006	0
Fhad1	0	0.583093289735588	0.374	0.027	0
Gm10714	0	0.58216965706146	0.316	0.005	0
Jam3	0	0.581668100740912	0.486	0.044	0
Matn4	0	0.579795747214722	0.237	0.007	0
Hmgn3	0	0.579297912400281	0.579	0.119	0
Cdh2	0	0.577483180458094	0.487	0.042	0
Cmtm5	0	0.576487942211643	0.247	0.012	0
B9d1	0	0.574778584437214	0.477	0.051	0
Tekt1	0	0.57292259812535	0.379	0.004	0
Nr4a3	0	0.571746357163968	0.303	0.062	0
Atp2a2	0	0.569974649615146	0.618	0.33	0
Ptges3	0	0.567511959695327	0.816	0.551	0
Skp1a	0	0.567102846168415	0.785	0.424	0
Dnah12	0	0.567051912630211	0.307	0.002	0
Tceal3	0	0.565960281436752	0.458	0.016	0
Itpkb	0	0.565948862752643	0.507	0.27	0
Asrgl1	0	0.560837271882621	0.417	0.066	0
Map2	0	0.560427855321839	0.417	0.022	0
Cfap45	0	0.558572063810671	0.366	0.023	0
mt-Nd4l	0	0.557615449812599	0.65	0.408	0
Sqle	0	0.557104117441093	0.436	0.051	0
Trp53bp2	0	0.557037157250312	0.393	0.079	0
Ift43	0	0.557023998276375	0.523	0.087	0
Slc6a1	0	0.555024245674935	0.303	0.02	0
Clip3	0	0.554492789512166	0.41	0.025	0
Klf9	0	0.554118155428162	0.537	0.242	0
Phlda1	0	0.553070821855489	0.519	0.297	0
Hepacam	0	0.55259192244767	0.385	0.013	0
Elmod1	0	0.552577359466947	0.31	0.01	0
Atp6v0e2	0	0.550430299037106	0.528	0.062	0
Spef2	0	0.550382317334001	0.305	0.005	0
Lbh	0	0.547620116389249	0.308	0.113	0
Ppp1r36	0	0.547178619804053	0.343	0.005	0
Nfasc	0	0.546747375374351	0.34	0.015	0
Ndn	0	0.546336835085796	0.502	0.033	0
Phyhipl	0	0.546151530521118	0.333	0.019	0
Ttc3	0	0.545380620990311	0.595	0.194	0
Pcsk2	0	0.543501081459422	0.394	0.011	0
Pnisr	0	0.543065549275373	0.689	0.351	0
Spry2	0	0.543010842174412	0.342	0.06	0
Lsamp	0	0.542461658931949	0.299	0.019	0
Gpx4	0	0.541462941276475	0.975	0.916	0
mt-Nd3	0	0.541434781158821	0.874	0.704	0
Socs3	0	0.539733269779652	0.653	0.547	0
Sox10	0	0.537990059110698	0.282	0.008	0
Pex5l	0	0.536027927013149	0.225	0.016	0
Gstm1	0	0.534847678362203	0.55	0.288	0
Gjc3	0	0.534453564557235	0.247	0.008	0
Lpar1	0	0.53416773441175	0.376	0.025	0
Csnk1a1	0	0.533882161420855	0.813	0.58	0
Igfbp5	0	0.532317244724961	0.247	0.024	0
Enah	0	0.531158890164412	0.456	0.062	0
Tmod2	0	0.529931210830347	0.352	0.03	0
Septin7	0	0.529114718700078	0.753	0.602	0
Pcp4	0	0.529043858503498	0.274	0.037	0
Glo1	0	0.527714872749569	0.684	0.288	0
Phlda3	0	0.527144870527977	0.395	0.052	0
Tmem108	0	0.526844493282283	0.424	0.008	0
Gria2	0	0.525370909360679	0.21	0.017	0
Ptprd	0	0.522548772040726	0.328	0.026	0
Itgb8	0	0.522287527046463	0.349	0.013	0
Npdc1	0	0.521592704191039	0.594	0.156	0
Cacng4	0	0.521342138350984	0.207	0.008	0
Ckap5	0	0.520016114205629	0.483	0.116	0
Sorbs1	0	0.52001025814275	0.389	0.096	0
Abhd14a	0	0.519640286829502	0.512	0.093	0
Gabbr1	0	0.519622961858605	0.501	0.085	0
Fam216b	0	0.519079444054903	0.283	0.002	0
Dpysl2	0	0.51857580808673	0.693	0.381	0
Nfib	0	0.518496563753969	0.625	0.204	0
Gng3	0	0.517426721309225	0.238	0.022	0
Cldnd1	0	0.517018625274383	0.644	0.332	0
Gjb1	0	0.516957021481353	0.111	0.008	0
Ppdpf	0	0.516507009705323	0.711	0.371	0
Dnajb2	0	0.515866396489533	0.473	0.096	0
Tspan2	0	0.515106693513153	0.23	0.031	0
Sdc4	0	0.513651079979235	0.521	0.342	0
Ift22	0	0.513592613985905	0.525	0.164	0
Laptm4a	0	0.5133712499795	0.949	0.855	0
Fdps	0	0.513183297028336	0.381	0.155	0
Cadm4	0	0.512348209670039	0.331	0.024	0
H2az2	0	0.512104972940284	0.672	0.354	0
Wscd1	0	0.511930816511882	0.312	0.04	0
Crygn	0	0.511821963933366	0.308	0.008	0
Hsp90ab1	0	0.510489875116486	0.999	0.973	0
Snrpd2	0	0.510348032622325	0.88	0.668	0
Pcdh9	0	0.510344191224523	0.298	0.013	0
Zfr	0	0.509895274328209	0.591	0.245	0
Tril	0	0.509119859191167	0.282	0.043	0
Fam216a	0	0.507990957212634	0.481	0.071	0
Kif21a	0	0.504503402662324	0.377	0.02	0
Slc1a3	0	0.504316838461843	0.409	0.091	0
Arhgap5	0	0.503898792116064	0.562	0.308	0
Bpgm	0	0.502482898430315	0.4	0.071	0
Ahi1	0	0.502076021393814	0.498	0.062	0
Gpr17	0	0.501311858962964	0.136	0.006	0
Calm3	0	0.501010334942362	0.873	0.649	0
Capsl	0	0.500757147023066	0.337	0.004	0
Gm973	0	0.500493900567297	0.305	0.004	0
Zfp462	0	0.500417745033076	0.395	0.012	0
Cbx5	0	0.500110601359158	0.557	0.174	0
Fam166c	0	0.499826704952417	0.316	0.004	0
Ptov1	0	0.499678970217033	0.535	0.199	0
Polr3h	0	0.499555607083371	0.493	0.094	0
Josd2	0	0.499257914462807	0.433	0.211	0
Meis2	0	0.498855569221797	0.407	0.008	0
Iqcg	0	0.498070019826548	0.331	0.009	0
Stoml3	0	0.496761267396535	0.268	0.003	0
Tpm1	0	0.496519005604785	0.531	0.256	0
Rmst	0	0.495032384124418	0.268	0.01	0
Idh2	0	0.494144586297461	0.547	0.269	0
Ppp3ca	0	0.492311678042831	0.627	0.38	0
Ccdc88a	0	0.492011336413048	0.451	0.202	0
Stmn3	0	0.491418137160454	0.262	0.024	0
Arpc1a	0	0.491056433835245	0.598	0.472	0
Ccdc113	0	0.490076015865823	0.316	0.004	0
Crym	0	0.489493401236591	0.143	0.006	0
Fxyd6	0	0.488611601011397	0.241	0.022	0
Map1lc3a	0	0.487493001227539	0.648	0.329	0
Ktn1	0	0.486151743672349	0.623	0.293	0
Kcnq1ot1	0	0.485949652592901	0.471	0.214	0
Scg3	0	0.482850950868783	0.341	0.017	0
Pcbp4	0	0.48237275348271	0.336	0.053	0
Kcna1	0	0.482223478935499	0.178	0.006	0
Ss18l2	0	0.481715348139306	0.418	0.167	0
Idi1	0	0.480961706471693	0.304	0.079	0
Rasl11a	0	0.480246172863808	0.133	0.031	0
Sorl1	0	0.479568469608326	0.376	0.085	0
Sf3b2	0	0.479145463116338	0.774	0.537	0
Gm3764	0	0.477553622286676	0.205	0.01	0
Acot1	0	0.476057738885461	0.393	0.04	0
Dnali1	0	0.476023395816386	0.305	0.004	0
Cd109	0	0.475859447966579	0.291	0.017	0
Elavl3	0	0.475516840966073	0.237	0.017	0
Strbp	0	0.474107583500204	0.358	0.045	0
Cfap20	0	0.472916959673598	0.48	0.204	0
Eif4a2	0	0.47268178315683	0.854	0.589	0
Pcp4l1	0	0.471254370376253	0.463	0.255	0
Ddah2	0	0.471237896864006	0.524	0.181	0
Igsf9b	0	0.470177415305771	0.31	0.007	0
Sdc2	0	0.469471986267234	0.435	0.043	0
Akap9	0	0.469468180350244	0.557	0.259	0
Fyn	0	0.466806034894841	0.334	0.125	0
Gm17018	0	0.466339871350274	0.534	0.223	0
4930402H24Rik	0	0.466067635153544	0.445	0.085	0
Iqca	0	0.465800970449966	0.272	0.002	0
Rabl2	0	0.465718894575369	0.38	0.042	0
Cisd1	0	0.46532799389271	0.631	0.298	0
Hipk1	0	0.465072032363712	0.51	0.287	0
Epn2	0	0.460991211407699	0.37	0.12	0
Chl1	0	0.460504810012286	0.248	0.015	0
Ndufab1	0	0.459938804824544	0.834	0.584	0
Hspa4	0	0.458661797729962	0.544	0.332	0
Nkx6-1	0	0.457923237993965	0.304	0.008	0
Spa17	0	0.457432101152835	0.34	0.022	0
Tmem100	0	0.45702601409816	0.243	0.086	0
Mapk8ip1	0	0.456362089802902	0.367	0.027	0
Hmgb3	0	0.456153601226362	0.398	0.048	0
Park7	0	0.455980807013116	0.926	0.753	0
Fkbp3	0	0.454824162464141	0.688	0.382	0
Etv1	0	0.454768054982803	0.242	0.071	0
Acot7	0	0.45439486309615	0.368	0.116	0
Nsg1	0	0.453846767448812	0.288	0.055	0
Pura	0	0.453156496504097	0.58	0.328	0
Nenf	0	0.452792849121613	0.662	0.368	0
Ugt8a	0	0.452721288058866	0.201	0.012	0
Arhgdig	0	0.45242601221667	0.293	0.009	0
Sox6	0	0.451697800946485	0.332	0.005	0
Opcml	0	0.451398051953939	0.206	0.008	0
Pcdh17	0	0.45060644750084	0.271	0.017	0
Fmn2	0	0.449149827933125	0.343	0.008	0
Gnao1	0	0.448847963265947	0.292	0.022	0
Ndufa4	0	0.448531021823421	0.921	0.818	0
Pdcd4	0	0.448022594326263	0.464	0.168	0
Rcan2	0	0.447730748086609	0.329	0.032	0
Nacc2	0	0.445888137843134	0.463	0.128	0
Dnah6	0	0.444482614555765	0.25	0.008	0
Cetn3	0	0.444442042851194	0.753	0.48	0
Itgav	0	0.442923888889374	0.423	0.208	0
Selenow	0	0.4421653240438	0.943	0.839	0
Efcab10	0	0.441711210498127	0.283	0.005	0
Odc1	0	0.44083059089183	0.567	0.282	0
Oscp1	0	0.440468619694865	0.366	0.038	0
Cspp1	0	0.440314624017894	0.42	0.132	0
Snrpn	0	0.439921902209476	0.443	0.046	0
Khdrbs3	0	0.438877884591498	0.347	0.031	0
Ap2a1	0	0.438422483147482	0.37	0.157	0
Dalrd3	0	0.436835110542966	0.432	0.11	0
Mmd2	0	0.436685195608214	0.249	0.012	0
Kcnip3	0	0.436005165369979	0.237	0.026	0
Tmeff2	0	0.435183854515147	0.215	0.017	0
Cbx3	0	0.434697887038497	0.665	0.406	0
Vit	0	0.434264232324519	0.295	0.007	0
Wdr78	0	0.434110799704809	0.283	0.007	0
Rsph9	0	0.433998361803335	0.356	0.018	0
Dnajc3	0	0.43240493998019	0.641	0.442	0
Rgcc	0	0.431818905999013	0.617	0.345	0
Grb14	0	0.431666389365447	0.329	0.092	0
Tusc3	0	0.431466074364728	0.528	0.182	0
Tceal8	0	0.429825732729581	0.609	0.301	0
Ccdc114	0	0.429432506209312	0.301	0.011	0
Ogt	0	0.428475220828679	0.578	0.284	0
Fdft1	0	0.428022990396774	0.365	0.066	0
Acp1	0	0.426616214427982	0.656	0.357	0
Sccpdh	0	0.426305095140426	0.354	0.089	0
Morf4l2	0	0.425681773528694	0.805	0.569	0
Bace2	0	0.424958781611192	0.291	0.015	0
Efcab1	0	0.424462517154667	0.29	0.005	0
Dynll2	0	0.424366874821694	0.586	0.323	0
Pacrg	0	0.424132808159042	0.333	0.007	0
Lix1l	0	0.423748587769498	0.339	0.073	0
Rsph4a	0	0.423512222665455	0.252	0.003	0
Cct3	0	0.422752278250308	0.725	0.446	0
Fam166b	0	0.422642597256924	0.278	0.003	0
Vezf1	0	0.422464807916838	0.482	0.175	0
Cfap299	0	0.422269534342193	0.294	0.003	0
Cct6a	0	0.42221329553517	0.365	0.162	0
Impad1	0	0.422009845243592	0.421	0.137	0
1110032A03Rik	0	0.420639734172286	0.422	0.11	0
Cetn4	0	0.420028508266529	0.354	0.061	0
Nuf2	0	0.419909698388507	0.287	0.027	0
Paip2	0	0.419824231592511	0.787	0.541	0
6330403K07Rik	0	0.418697480325104	0.4	0.024	0
Phpt1	0	0.418545437368443	0.536	0.205	0
Ift57	0	0.418435284299547	0.427	0.081	0
Ift74	0	0.418434234198031	0.383	0.063	0
Eif1b	0	0.417664686236088	0.704	0.504	0
Tulp4	0	0.416710563542555	0.479	0.273	0
Edil3	0	0.416077478165538	0.205	0.015	0
Ccdc74a	0	0.415828923417179	0.274	0.005	0
Hdgf	0	0.415543525704874	0.625	0.413	0
Flnc	0	0.41537369369574	0.258	0.011	0
Mrfap1	0	0.415078864574303	0.927	0.807	0
Wwc1	0	0.414958857115265	0.287	0.012	0
Lgi1	0	0.413986523047384	0.273	0.007	0
Mageh1	0	0.413776602325228	0.435	0.099	0
Chchd2	0	0.412879047952347	0.995	0.961	0
Kifap3	0	0.412801585812282	0.459	0.131	0
Nrbp2	0	0.41277020081703	0.347	0.027	0
Dnajb4	0	0.412534135820836	0.469	0.167	0
Ccdc39	0	0.412362194498435	0.255	0.005	0
Spint2	0	0.412061983031626	0.335	0.024	0
Dmd	0	0.412041382417396	0.329	0.035	0
Neu4	0	0.411879015307709	0.159	0.004	0
Tcf4	0	0.411711544363113	0.702	0.474	0
Nckap1	0	0.411378916031942	0.469	0.136	0
Cd55	0	0.411044776806099	0.305	0.013	0
Arl6ip1	0	0.410252152364721	0.847	0.723	0
Ndufb9	0	0.410183642648484	0.886	0.731	0
Drc3	0	0.410005687209001	0.278	0.005	0
Trim2	0	0.409835186106356	0.348	0.041	0
Wdr66	0	0.409477516061057	0.277	0.004	0
Trim9	0	0.408902104756112	0.261	0.011	0
Lsm7	0	0.408599661609751	0.615	0.316	0
Gabarapl2	0	0.407572953648466	0.851	0.634	0
Fndc4	0	0.407235705090323	0.302	0.025	0
Cd27	0	0.406705766875459	0.247	0.063	0
Mlf2	0	0.406665645162895	0.75	0.586	0
Acyp2	0	0.40629581895585	0.433	0.079	0
Spag6l	0	0.40603955869309	0.282	0.004	0
Calm2	0	0.405307800651115	0.984	0.95	0
Polr2f	0	0.40464668889199	0.74	0.519	0
Cfap161	0	0.404446577886095	0.268	0.003	0
Hspb6	0	0.404052413466248	0.316	0.023	0
Tceal1	0	0.404052100151968	0.408	0.074	0
Cacybp	0	0.403814597519899	0.686	0.429	0
Clcn3	0	0.40344207278683	0.439	0.152	0
Ptprn	0	0.402919600268235	0.159	0.018	0
Ildr2	0	0.402836499341626	0.324	0.058	0
Cox6c	0	0.402487963875556	0.987	0.944	0
Hsbp1	0	0.402437922283851	0.902	0.747	0
Arglu1	0	0.402056795057002	0.575	0.351	0
Plce1	0	0.401897495019286	0.269	0.023	0
Sptan1	0	0.401049850605737	0.535	0.296	0
Spon1	0	0.400930539043879	0.219	0.012	0
Amotl2	0	0.398976695762317	0.332	0.093	0
Gprc5b	0	0.398879677643926	0.346	0.031	0
Bclaf1	0	0.397900131356336	0.576	0.346	0
Gas5	0	0.397688977926273	0.369	0.198	0
Ndufb5	0	0.397638378697456	0.864	0.678	0
Suclg1	0	0.397328884800717	0.629	0.333	0
Hoxa9	0	0.39716619028241	0.311	0.019	0
Kctd13	0	0.397147419162279	0.249	0.09	0
Endog	0	0.396396252266458	0.348	0.074	0
Atp2b4	0	0.396367476515018	0.304	0.037	0
Peg3	0	0.395529531734741	0.291	0.026	0
Stox2	0	0.39551820946828	0.355	0.043	0
Apc	0	0.395325651369054	0.443	0.168	0
Ndufa13	0	0.394969693777569	0.951	0.835	0
Gfra1	0	0.394482387058845	0.288	0.009	0
Grcc10	0	0.393729865300794	0.608	0.415	0
Mir99ahg	0	0.393473590191584	0.266	0.037	0
Ccdc146	0	0.393196616295439	0.26	0.008	0
Mdh1	0	0.392953879352595	0.754	0.498	0
Purb	0	0.391625910298512	0.582	0.383	0
Ift27	0	0.390901124580609	0.459	0.135	0
Casc4	0	0.390139592299173	0.358	0.038	0
Ndufc2	0	0.389669720722688	0.873	0.717	0
Hnrnpdl	0	0.389589232021169	0.72	0.51	0
Phip	0	0.38913551175499	0.476	0.243	0
Pcdh10	0	0.389115784924286	0.261	0.006	0
Tsn	0	0.388261653993048	0.696	0.447	0
Nucks1	0	0.387823627869878	0.67	0.428	0
Fmc1	0	0.387805597239531	0.538	0.215	0
Oxct1	0	0.387176894303892	0.58	0.35	0
Eml2	0	0.38714039868701	0.387	0.097	0
Cfap52	0	0.386147903115146	0.28	0.003	0
Calm1	0	0.386011701260823	0.998	0.969	0
Map1a	0	0.385400554935741	0.279	0.019	0
Npas3	0	0.385284213171868	0.278	0.005	0
Ptprf	0	0.385137917234973	0.323	0.012	0
Cadm2	0	0.384991996194799	0.223	0.012	0
Dync2li1	0	0.384908905104508	0.349	0.027	0
2610301B20Rik	0	0.384610481031468	0.346	0.045	0
1700001L19Rik	0	0.384334206156394	0.264	0.006	0
Erg28	0	0.384149636392991	0.45	0.196	0
Dnah5	0	0.383495811200236	0.248	0.003	0
Pttg1	0	0.383333684846548	0.527	0.271	0
Dtna	0	0.382615153121794	0.314	0.011	0
Celsr2	0	0.382322491767937	0.268	0.01	0
Dpysl3	0	0.382030893779224	0.24	0.022	0
Tnfaip6	0	0.381872478256981	0.217	0.032	0
Fgfr1	0	0.381824568559342	0.359	0.052	0
Srsf10	0	0.380958943292897	0.591	0.335	0
Ccpg1os	0	0.38073710713252	0.327	0.032	0
Hydin	0	0.380732086243349	0.211	0.001	0
Fat1	0	0.380442910980826	0.336	0.021	0
Mrps33	0	0.380432422970504	0.789	0.574	0
Hspd1	0	0.380373265987389	0.707	0.485	0
Kcnk1	0	0.379436791016714	0.281	0.008	0
Fip1l1	0	0.379262911603171	0.493	0.244	0
1110004F10Rik	0	0.378501757001422	0.713	0.481	0
Atp9a	0	0.377942713465725	0.34	0.024	0
Kif3a	0	0.377904406928302	0.421	0.107	0
Ndufa12	0	0.376598423467868	0.826	0.601	0
Txn1	0	0.376357238015365	0.917	0.819	0
Hint1	0	0.375964905795167	0.972	0.91	0
Cdh13	0	0.374436489025449	0.283	0.021	0
Tob1	0	0.373557224709877	0.455	0.207	0
Carhsp1	0	0.373255314698843	0.491	0.233	0
Dlgap1	0	0.372717959090834	0.222	0.011	0
Mmp16	0	0.3725255312043	0.21	0.006	0
Lrp1b	0	0.372500183204895	0.233	0.007	0
BC005624	0	0.371458506737612	0.555	0.307	0
Tgm1	0	0.371291285928593	0.138	0.023	0
Cfap77	0	0.371037419173005	0.275	0.002	0
Ddx39b	0	0.370716111438514	0.688	0.442	0
Pigp	0	0.370255400384177	0.542	0.256	0
Lxn	0	0.370117390860167	0.396	0.226	0
Plaat3	0	0.369973123370102	0.431	0.226	0
Atxn10	0	0.369799132229084	0.616	0.367	0
Slain1	0	0.369626431795944	0.261	0.011	0
Eid1	0	0.368981715764718	0.489	0.301	0
Dmkn	0	0.368577372550702	0.293	0.035	0
Slc6a11	0	0.368559421987557	0.155	0.012	0
Slc26a3	0	0.368358686083773	0.232	0.002	0
Efnb3	0	0.368133968019098	0.146	0.017	0
Fam171b	0	0.368088727916838	0.256	0.014	0
Vmp1	0	0.3676802992717	0.588	0.434	0
Folr1	0	0.367539769118265	0.24	0.004	0
Apbb1	0	0.367338485232712	0.3	0.039	0
Ttc30b	0	0.367097982797527	0.289	0.014	0
Dnaja4	0	0.367033532272865	0.304	0.053	0
Gpr37	0	0.366362804655875	0.151	0.01	0
Bex4	0	0.365715494366235	0.32	0.013	0
Qpct	0	0.365306553181969	0.236	0.079	0
Pabpn1	0	0.365243304661823	0.473	0.245	0
Slc25a18	0	0.364659835993181	0.266	0.007	0
Tmem88b	0	0.363931937156552	0.159	0.014	0
Tctex1d4	0	0.363811507293453	0.24	0.008	0
Arl8a	0	0.363632203951517	0.515	0.282	0
Iqgap2	0	0.363518733508198	0.302	0.062	0
Cfap206	0	0.363331200802473	0.27	0.003	0
Hmgn2	0	0.362945095526969	0.65	0.39	0
Mtss2	0	0.362787405558059	0.278	0.02	0
Pgk1	0	0.361768667471688	0.69	0.429	0
B230118H07Rik	0	0.361020400482469	0.442	0.129	0
Ttc8	0	0.360753245269621	0.316	0.034	0
Hmgcr	0	0.360325013767992	0.294	0.094	0
Igsf11	0	0.359882607367374	0.29	0.006	0
Sfxn5	0	0.359637723031267	0.309	0.049	0
Ncan	0	0.359384203925332	0.219	0.006	0
Wdr60	0	0.35936872382489	0.292	0.033	0
Drc1	0	0.35905509463098	0.266	0.004	0
Cfap44	0	0.358430127712465	0.23	0.003	0
Pcm1	0	0.358379330950008	0.457	0.198	0
Sox11	0	0.35817889465565	0.218	0.012	0
Swi5	0	0.357199667806633	0.845	0.685	0
Lrriq1	0	0.357181661397438	0.234	0.002	0
Bhlhe40	0	0.356903786909921	0.523	0.357	0
Pxdc1	0	0.356819201709872	0.347	0.169	0
Chek2	0	0.356535431872717	0.263	0.062	0
Cep290	0	0.356187049700352	0.294	0.064	0
Gabarapl1	0	0.3558753131671	0.575	0.284	0
Arhgef26	0	0.355343463149621	0.275	0.006	0
Pax6	0	0.354762135995884	0.266	0.003	0
Tmem151a	0	0.354712549382892	0.109	0.013	0
Ptprs	0	0.354579669329976	0.329	0.088	0
Ro60	0	0.354359428848353	0.384	0.112	0
Ddah1	0	0.353664024950711	0.3	0.105	0
Armh4	0	0.353638012327541	0.168	0.005	0
Ppp2r3a	0	0.353386811124659	0.335	0.046	0
Ndufa11	0	0.353036813360521	0.802	0.595	0
Tra2a	0	0.352986624401642	0.633	0.415	0
Aplp2	0	0.352370505016417	0.758	0.523	0
Pih1d2	0	0.352339365192626	0.276	0.008	0
Csnk2a1	0	0.35194339909084	0.566	0.345	0
Arl2bp	0	0.351830774520382	0.541	0.269	0
Pbx1	0	0.351530988069929	0.408	0.126	0
Eif1ax	0	0.350913253691621	0.611	0.38	0
Irs2	0	0.350366463968476	0.347	0.106	0
Fbxo36	0	0.35022565002224	0.302	0.026	0
Kazn	0	0.350170986583362	0.303	0.018	0
Cdc37l1	0	0.349805043204949	0.434	0.21	0
Hnrnph3	0	0.349494428843124	0.479	0.178	0
Ndufs5	0	0.349062108411038	0.871	0.712	0
Ptma	0	0.348937875632761	0.998	0.991	0
Rgma	0	0.348613127122171	0.318	0.014	0
Brinp3	0	0.348351406029851	0.2	0.004	0
Cnpy2	0	0.348298842528745	0.678	0.437	0
Cep126	0	0.348045232580975	0.221	0.009	0
Wdr35	0	0.347683427679997	0.277	0.016	0
Zcchc24	0	0.347444305005314	0.268	0.071	0
Med31	0	0.346814383394721	0.481	0.176	0
Slc44a1	0	0.346798389365112	0.326	0.147	0
Pfdn1	0	0.346432037274505	0.682	0.459	0
Cyb5r3	0	0.345455768741137	0.519	0.378	0
Ube2e2	0	0.345368256349698	0.351	0.041	0
Dnah9	0	0.345039782478116	0.224	0.002	0
Sys1	0	0.344154638511107	0.6	0.401	0
Zranb2	0	0.343085824126294	0.542	0.286	0
C4b	0	0.342926049701084	0.224	0.024	0
Bola1	0	0.3419625230921	0.454	0.185	0
Dad1	0	0.341943093912604	0.951	0.846	0
Thyn1	0	0.341740970197614	0.459	0.17	0
Slc38a2	0	0.34147443542385	0.634	0.491	0
Cfap69	0	0.340868926839016	0.244	0.008	0
Chst11	0	0.340066172494951	0.292	0.12	0
Sec62	0	0.339724758026369	0.882	0.705	0
Slc39a12	0	0.339687344897775	0.208	0.008	0
Tsen34	0	0.33965811990434	0.553	0.289	0
Nxph1	0	0.339650857581717	0.162	0.006	0
Prpf4b	0	0.339269830529789	0.54	0.332	0
Pdgfa	0	0.339225322662689	0.397	0.211	0
Cfdp1	0	0.338852057454381	0.635	0.39	0
Ndufv2	0	0.33864841215717	0.706	0.511	0
Ids	0	0.338234641031378	0.358	0.136	0
Idh3a	0	0.337395836905097	0.497	0.219	0
Sumo2	0	0.337315272389567	0.945	0.875	0
Omg	0	0.337292685157535	0.209	0.008	0
Cavin3	0	0.33696907073625	0.554	0.184	0
Ift81	0	0.336823604681405	0.294	0.026	0
Cd81	0	0.336816786349022	0.989	0.836	0
Rfx4	0	0.33680944003924	0.258	0.003	0
Olfm1	0	0.336589621353905	0.308	0.043	0
Smim5	0	0.336557119497779	0.25	0.009	0
Ntsr2	0	0.335194634919989	0.127	0.012	0
Gpld1	0	0.335193059989046	0.215	0.01	0
Magi2	0	0.334939662068106	0.304	0.015	0
Sema3d	0	0.334921939749844	0.166	0.005	0
Arxes2	0	0.333499253345103	0.249	0.018	0
Gkap1	0	0.332881171215976	0.39	0.12	0
Cox14	0	0.332669677395334	0.723	0.509	0
Nlgn3	0	0.332601475618752	0.236	0.008	0
Hdhd2	0	0.332458163779425	0.438	0.164	0
Enpp5	0	0.332376374275463	0.328	0.036	0
4632427E13Rik	0	0.332155692187828	0.273	0.075	0
Gm867	0	0.331983472976304	0.236	0.003	0
Ndufb4	0	0.331563675724958	0.796	0.617	0
Bola3	0	0.331000664653639	0.597	0.351	0
Igfbp2	0	0.330738180801482	0.146	0.008	0
Ttc9	0	0.330669379373929	0.252	0.012	0
Sox8	0	0.330572581293758	0.201	0.007	0
Bbox1	0	0.330523670014172	0.253	0.005	0
Hoxc8	0	0.330448247418535	0.304	0.022	0
Ntm	0	0.330432731432937	0.22	0.021	0
Sorbs2	0	0.330236697049334	0.428	0.173	0
Papss1	0	0.330215028485546	0.483	0.253	0
Fsd1l	0	0.330199711501954	0.297	0.02	0
Aspa	0	0.32987781710492	0.129	0.009	0
Mpc2	0	0.329508706280062	0.664	0.465	0
1700028P14Rik	0	0.32874892437548	0.252	0.002	0
Dcaf17	0	0.328667304113333	0.189	0.081	0
Rab6a	0	0.32865358853052	0.577	0.357	0
Add3	0	0.328107679941276	0.382	0.175	0
1810037I17Rik	0	0.327416913309964	0.878	0.705	0
Usp22	0	0.327384134699803	0.39	0.124	0
Upf3b	0	0.326944289391179	0.45	0.182	0
Lztfl1	0	0.326893572376674	0.404	0.155	0
Hnrnpa0	0	0.326863246188124	0.521	0.344	0
Tafa5	0	0.326703118635631	0.267	0.008	0
Cald1	0	0.326605220787677	0.561	0.132	0
Csrp2	0	0.32660151245261	0.429	0.203	0
Laptm4b	0	0.32639138532264	0.406	0.12	0
Tspan7	0	0.326051592663345	0.322	0.174	0
Efcab2	0	0.325742535942448	0.286	0.032	0
Smarcb1	0	0.325435151152187	0.511	0.245	0
Wls	0	0.324458996916564	0.48	0.275	0
Catip	0	0.32419514615173	0.266	0.022	0
Adamts20	0	0.323527560971907	0.225	0.003	0
Lmna	0	0.323503477907317	0.565	0.378	0
Cluap1	0	0.323192774022506	0.347	0.084	0
Stip1	0	0.322962038551984	0.518	0.251	0
Gprasp1	0	0.322382920913726	0.336	0.062	0
Soga3	0	0.322113695719483	0.289	0.013	0
Srek1ip1	0	0.321770303641877	0.411	0.184	0
Cyp51	0	0.321405539926188	0.272	0.083	0
Tmem132b	0	0.321304386142301	0.244	0.005	0
Tshz1	0	0.321170910734584	0.341	0.099	0
Selenok	0	0.320458172588662	0.945	0.89	0
Serinc1	0	0.320424920271764	0.641	0.515	0
Dhx36	0	0.32022578497226	0.388	0.154	0
Luc7l3	0	0.320076458813247	0.573	0.354	0
Sox2ot	0	0.319750780714192	0.183	0.006	0
Dusp14	0	0.319584354954988	0.255	0.009	0
Tceal9	0	0.319377448409368	0.766	0.595	0
Mboat2	0	0.319262786568563	0.284	0.014	0
Septin8	0	0.31895330854611	0.281	0.101	0
Schip1	0	0.318943629105803	0.287	0.043	0
Ppp1r3c	0	0.318452426486489	0.224	0.007	0
Bicc1	0	0.317802104360585	0.259	0.019	0
Ccdc30	0	0.317389136263653	0.237	0.008	0
Dync2h1	0	0.317133489533645	0.255	0.021	0
Slc6a9	0	0.316976308613183	0.229	0.012	0
Ctnnd2	0	0.316949404520026	0.236	0.015	0
Rtkn	0	0.316902488423735	0.253	0.012	0
Tomm7	0	0.316701804171008	0.921	0.832	0
Cby1	0	0.316641340136125	0.367	0.097	0
Adgrl3	0	0.316535343313609	0.303	0.048	0
Etfa	0	0.316534519889798	0.518	0.321	0
Vxn	0	0.316485859407553	0.168	0.003	0
Atp5a1	0	0.316294595502867	0.898	0.78	0
Dnajc15	0	0.316224181184191	0.54	0.316	0
Sez6l2	0	0.315970231152798	0.129	0.02	0
Gpx8	0	0.315955158795361	0.331	0.036	0
Pou3f2	0	0.315909883983952	0.252	0.005	0
Twf1	0	0.3154911838691	0.496	0.249	0
Ndufb2	0	0.315331900818251	0.774	0.587	0
Sc5d	0	0.315172940808279	0.3	0.11	0
Kif1a	0	0.314334343461412	0.241	0.025	0
Tmed4	0	0.314094027402145	0.507	0.244	0
Ssbp3	0	0.313962930384675	0.328	0.085	0
Acot5	0	0.313816267609432	0.214	0.002	0
Phactr3	0	0.313735388581134	0.188	0.01	0
Gria3	0	0.313606323813164	0.158	0.006	0
Cfap43	0	0.313583915769762	0.233	0.042	0
Lypla2	0	0.313385479887696	0.382	0.209	0
Tmem237	0	0.313347321205529	0.383	0.104	0
1700024G13Rik	0	0.313328280808525	0.187	0.002	0
Dusp18	0	0.313261046998508	0.299	0.05	0
Tmem216	0	0.313131506838894	0.308	0.045	0
Alcam	0	0.312863381273922	0.335	0.134	0
Cct7	0	0.312862258074137	0.742	0.562	0
Pmm1	0	0.312835828564685	0.352	0.116	0
Anapc11	0	0.312755870676606	0.68	0.469	0
Spef1	0	0.312668141035471	0.26	0.022	0
Trim35	0	0.312459027418856	0.443	0.192	0
Drc7	0	0.312446689350857	0.231	0.002	0
Megf11	0	0.312058460580125	0.212	0.004	0
Ndufc1	0	0.311935042398924	0.804	0.622	0
Phkg1	0	0.311609773007568	0.227	0.009	0
Irak1bp1	0	0.311598532170131	0.309	0.032	0
Arvcf	0	0.311508794124926	0.253	0.026	0
Polr2i	0	0.311197127937086	0.581	0.341	0
Fam168a	0	0.310826130815466	0.361	0.142	0
Cdk2ap1	0	0.310498219812516	0.413	0.177	0
Mir100hg	0	0.310440452664223	0.197	0.011	0
Rnf5	0	0.310422943787839	0.485	0.256	0
Tagln3	0	0.31038550192581	0.23	0.03	0
Ndst1	0	0.309967316927515	0.286	0.081	0
Rlbp1	0	0.309869486577912	0.154	0.003	0
Tigd2	0	0.309803719703495	0.388	0.203	0
Srebf2	0	0.309297485473753	0.391	0.131	0
Nin	0	0.309251035608153	0.292	0.1	0
Smarcd1	0	0.309186330473342	0.361	0.105	0
Tmx2	0	0.308787418894529	0.43	0.17	0
Tia1	0	0.308679534986497	0.418	0.164	0
Phldb1	0	0.308092480076554	0.303	0.062	0
Tead1	0	0.308002903597247	0.27	0.058	0
Col9a3	0	0.307946971022592	0.18	0.007	0
Aktip	0	0.307795422933734	0.415	0.141	0
Oard1	0	0.307541980138414	0.405	0.181	0
Slco3a1	0	0.307336585936921	0.247	0.033	0
1700025G04Rik	0	0.307118745591085	0.256	0.055	0
Nsg2	0	0.306737204554607	0.264	0.014	0
Oxr1	0	0.306652392081097	0.364	0.144	0
Cttn	0	0.306157239622188	0.393	0.117	0
Ormdl3	0	0.30605157012326	0.4	0.139	0
Irx5	0	0.305998340701069	0.249	0.003	0
Slc14a2	0	0.305594749907854	0.203	0.002	0
Gas2l1	0	0.305392290273898	0.334	0.108	0
Lrrn1	0	0.305320472606226	0.201	0.009	0
Sf3b6	0	0.305271571337817	0.722	0.552	0
Snrnp70	0	0.305215360831857	0.661	0.462	0
Gm47283	0	0.304678043340467	0.416	0.237	0
Rdx	0	0.304325099816235	0.659	0.442	0
Dbp	0	0.304276875934271	0.308	0.096	0
Haghl	0	0.30395806436913	0.379	0.12	0
Pnn	0	0.303883286693852	0.516	0.31	0
Dgcr6	0	0.30371399290973	0.464	0.195	0
Hsd17b12	0	0.303690631896533	0.569	0.403	0
Usp9x	0	0.303464389344136	0.461	0.259	0
Aldh1a1	0	0.302896825210214	0.175	0.018	0
Sfr1	0	0.302583380086922	0.704	0.539	0
Cfap97d2	0	0.302390004366826	0.229	0.004	0
Clpp	0	0.302289876366231	0.494	0.235	0
Mbnl2	0	0.301880527487822	0.551	0.401	0
Fgfr3	0	0.301815360022569	0.169	0.017	0
Srrm2	0	0.301554611272136	0.828	0.708	0
Ndufb3	0	0.301103449476835	0.75	0.57	0
Xylt1	0	0.300700643673654	0.169	0.056	0
Hipk2	0	0.300611429367573	0.345	0.121	0
Ube3a	0	0.300486053570118	0.538	0.34	0
Hcfc1r1	0	0.300423681393657	0.614	0.431	0
Marcksl1	0	0.30038437566896	0.601	0.387	0
Hp1bp3	0	0.300204410611864	0.53	0.29	0
Gdi1	0	0.29999784066964	0.459	0.196	0
Lrrc23	0	0.29986203049004	0.224	0.003	0
Ddx1	0	0.299780165885816	0.466	0.213	0
Fa2h	0	0.299484596282553	0.146	0.008	0
Cdo1	0	0.299203268924856	0.24	0.05	0
Srebf1	0	0.298996731545499	0.307	0.084	0
Spats2l	0	0.298935903222304	0.277	0.014	0
Arl2	0	0.298619877556139	0.406	0.217	0
Morn2	0	0.298533012452908	0.332	0.088	0
Epdr1	0	0.298092285779176	0.286	0.036	0
Nrxn3	0	0.298067683377609	0.165	0.01	0
Insig1	0	0.298002531321448	0.311	0.16	0
Gria4	0	0.297941700664981	0.16	0.006	0
Ppil6	0	0.297924297216889	0.236	0.005	0
Serinc5	0	0.297630303554107	0.281	0.064	0
Cxcl14	0	0.297580300939722	0.253	0.121	0
Ndufs7	0	0.297404508911298	0.76	0.581	0
Sdha	0	0.297340240735509	0.628	0.416	0
Pdha1	0	0.297278447036298	0.469	0.236	0
Mapk15	0	0.297073247748654	0.23	0.003	0
Gtf2i	0	0.296737274851579	0.451	0.201	0
Vdac1	0	0.296503738380873	0.678	0.501	0
Lrrtm3	0	0.296501254139244	0.18	0.006	0
Cdk4	0	0.296447772821042	0.618	0.46	0
Ndufb11	0	0.296415131298102	0.833	0.696	0
Tmem147	0	0.2962484065004	0.649	0.463	0
Sod3	0	0.296235246760641	0.265	0.043	0
Ruvbl2	0	0.296178578510338	0.409	0.166	0
6820408C15Rik	0	0.296139198964703	0.221	0.002	0
Emc10	0	0.296013039007735	0.655	0.504	0
Cuedc1	0	0.295523147669516	0.324	0.057	0
Golga7	0	0.295362538271083	0.532	0.35	0
Vldlr	0	0.295308963904012	0.233	0.007	0
Hotairm1	0	0.2951285616715	0.278	0.023	0
Pou3f3	0	0.295042562048513	0.237	0.006	0
Rab10	0	0.29484510958335	0.631	0.477	0
Clip4	0	0.294746933825351	0.249	0.008	0
Dok5	0	0.294657210657329	0.26	0.008	0
Agap1	0	0.294215376133332	0.293	0.08	0
Ndufb10	0	0.294016614484173	0.806	0.651	0
Uqcr11	0	0.293910998630601	0.945	0.854	0
Slc41a1	0	0.293875356289479	0.278	0.067	0
Ewsr1	0	0.293766134518014	0.698	0.51	0
Ptgfrn	0	0.293765570300423	0.245	0.106	0
Sesn3	0	0.29369840871096	0.314	0.063	0
Acsbg1	0	0.293518315652823	0.103	0.016	0
Bicd1	0	0.292851423255503	0.24	0.013	0
Ndufa5	0	0.2928334452336	0.681	0.52	0
Matr3	0	0.29272797158247	0.561	0.34	0
Dag1	0	0.292719437226589	0.394	0.163	0
Mat2a	0	0.292639929789272	0.7	0.557	0
Fnta	0	0.292385890871945	0.469	0.257	0
Myo10	0	0.292280581360287	0.385	0.139	0
Cyhr1	0	0.292195910725298	0.43	0.178	0
Hnrnpa1	0	0.291964831398801	0.815	0.707	0
Rpgr	0	0.291778426087673	0.249	0.017	0
Paics	0	0.291541665973454	0.504	0.276	0
Morn5	0	0.291504739534955	0.22	0.003	0
Abca2	0	0.291339887438664	0.2	0.051	0
Tnrc6b	0	0.290537255822998	0.42	0.204	0
Grm5	0	0.290467526274036	0.14	0.007	0
Tmem63b	0	0.289913586268646	0.305	0.083	0
Sobp	0	0.289575372442161	0.264	0.023	0
Tm7sf3	0	0.289559074290653	0.311	0.098	0
Arhgap21	0	0.289422621884417	0.287	0.054	0
C230072F16Rik	0	0.28932100206424	0.199	0.001	0
Maged2	0	0.289216372853005	0.343	0.101	0
Tmem246	0	0.289215392109376	0.311	0.033	0
Hacd1	0	0.289082620702717	0.351	0.096	0
Gm17750	0	0.288996523559335	0.23	0.005	0
Timp1	0	0.288785760821939	0.244	0.116	0
Stk32a	0	0.288687054104068	0.187	0.004	0
mt-Nd1	0	0.288680999416464	0.999	0.996	0
Hnrnpa2b1	0	0.28831093182917	0.932	0.857	0
Fam92a	0	0.288230649873494	0.372	0.104	0
Mras	0	0.287638810807645	0.263	0.064	0
Enho	0	0.287414799745758	0.205	0.023	0
Ndufb1-ps	0	0.286988912743048	0.371	0.185	0
Rassf9	0	0.286967693684712	0.243	0.079	0
Snap47	0	0.286832907742432	0.379	0.113	0
Fubp1	0	0.286703013597456	0.612	0.439	0
Cdc42bpa	0	0.286600561492901	0.311	0.102	0
Selenof	0	0.286597396127939	0.938	0.883	0
Drap1	0	0.28623448291127	0.596	0.379	0
Jun	0	0.285854693280327	0.918	0.797	0
Atpif1	0	0.285835357390851	0.892	0.769	0
Hnrnpr	0	0.285552332318914	0.537	0.327	0
Myef2	0	0.28546934941701	0.345	0.113	0
Rab28	0	0.285276858133063	0.466	0.222	0
Traf1	0	0.285020119242855	0.237	0.055	0
Snrpd1	0	0.284382180857818	0.659	0.482	0
Atp5k	0	0.284016931051104	0.894	0.771	0
Ahcyl1	0	0.283960480132655	0.385	0.181	0
Ralgps2	0	0.283917151671096	0.289	0.059	0
Dtx3	0	0.283693190333648	0.384	0.119	0
Romo1	0	0.283499926744936	0.786	0.637	0
Tsc22d1	0	0.283417584392771	0.788	0.365	0
Tcf12	0	0.283366055491789	0.438	0.224	0
Wasf3	0	0.283345524220739	0.254	0.017	0
Fads2	0	0.283316945038013	0.219	0.009	0
Sox21	0	0.283314596400934	0.232	0.003	0
Dcdc2a	0	0.283214875254662	0.221	0.004	0
Zwint	0	0.28309217622086	0.487	0.246	0
Tcf25	0	0.282852370416631	0.723	0.555	0
Fgfrl1	0	0.282822032887887	0.235	0.018	0
Senp6	0	0.282539484880428	0.43	0.234	0
Cxxc5	0	0.282048063565845	0.388	0.154	0
Fam149a	0	0.281965663085354	0.257	0.028	0
Rab31	0	0.281937287239225	0.384	0.201	0
Ric3	0	0.281006039859181	0.255	0.021	0
Tmem255a	0	0.280978750741346	0.224	0.01	0
Atraid	0	0.280812511755448	0.66	0.477	0
2010001K21Rik	0	0.280326334190465	0.144	0.001	0
Sgce	0	0.280238108539102	0.396	0.142	0
Prdx4	0	0.280213929505396	0.561	0.346	0
Atad1	0	0.280203650686109	0.437	0.199	0
Srcin1	0	0.279863475790897	0.207	0.011	0
Hspe1	0	0.279636566962565	0.924	0.825	0
Pcdh15	0	0.279612824711895	0.152	0.007	0
Slc4a8	0	0.27887508781897	0.233	0.012	0
Slc22a4	0	0.278754805147025	0.224	0.018	0
Sar1b	0	0.27869836218841	0.616	0.426	0
Ift20	0	0.278514950990752	0.568	0.382	0
Usp2	0	0.278507127076768	0.374	0.192	0
Clasp2	0	0.278434347730329	0.338	0.136	0
Ddit4l	0	0.278346466639849	0.233	0.025	0
Nap1l1	0	0.277851342007114	0.657	0.527	0
Plod2	0	0.27778155427459	0.256	0.036	0
Gm11992	0	0.277658214933834	0.228	0.004	0
Rfx3	0	0.277424122844717	0.245	0.025	0
Rhou	0	0.277361018545731	0.202	0.021	0
Kcnk2	0	0.277236395357476	0.2	0.005	0
Cfap65	0	0.277131473492881	0.192	0.004	0
Mgst1	0	0.277024881278126	0.42	0.235	0
Prmt1	0	0.276941125822294	0.586	0.402	0
Myo5a	0	0.276870130282841	0.341	0.151	0
Cmtm4	0	0.276679766446182	0.279	0.057	0
Cirbp	0	0.276648890995314	0.497	0.253	0
Pigyl	0	0.276603885473428	0.4	0.203	0
Pfdn2	0	0.276456548676629	0.738	0.552	0
Sik3	0	0.275898022011962	0.317	0.098	0
Elob	0	0.275817229640284	0.968	0.913	0
Churc1	0	0.275703655380478	0.555	0.332	0
Pou3f1	0	0.27556062181274	0.127	0.009	0
Hnrnpu	0	0.27509025051416	0.702	0.586	0
U2af1	0	0.275068584016053	0.707	0.532	0
Avpi1	0	0.275034055781295	0.31	0.118	0
Srpk2	0	0.274938725445386	0.494	0.283	0
Serpinb1a	0	0.274928759008796	0.153	0.04	0
Smc3	0	0.27451505143223	0.47	0.251	0
Cox7c	0	0.274339182969092	0.985	0.963	0
Pdia4	0	0.27431238193423	0.56	0.361	0
Efcab14	0	0.274036331932078	0.36	0.182	0
Zfp428	0	0.274011881952439	0.269	0.033	0
Puf60	0	0.273869417167613	0.559	0.37	0
Il1rap	0	0.273840045618923	0.23	0.063	0
Tmco3	0	0.273565517839805	0.313	0.116	0
Astn1	0	0.272965408035365	0.238	0.01	0
Slc35a2	0	0.272842188913046	0.373	0.137	0
Pafah1b2	0	0.272514416774999	0.495	0.259	0
Nme9	0	0.272409643847438	0.166	0.001	0
Ampd3	0	0.27211485321864	0.251	0.062	0
Emsy	0	0.272056676359863	0.331	0.127	0
Spag17	0	0.271955923543198	0.181	0.001	0
Nmnat2	0	0.27191167217366	0.222	0.009	0
Pithd1	0	0.271813363515844	0.301	0.101	0
Rexo2	0	0.271802116274203	0.661	0.526	0
Fxyd7	0	0.270824864982968	0.125	0.022	0
Fam162a	0	0.270704100889649	0.55	0.343	0
Tmem59l	0	0.270389645761674	0.25	0.015	0
Pcyt2	0	0.270334278608017	0.246	0.096	0
Oat	0	0.269903633311706	0.432	0.255	0
Abhd3	0	0.269663982222912	0.239	0.017	0
Sox5	0	0.269628778798692	0.218	0.009	0
Clec3b	0	0.269329142105938	0.176	0.006	0
Ccdc33	0	0.269140002501432	0.193	0.002	0
Ahsa1	0	0.269064502735678	0.599	0.393	0
Pdcd6	0	0.268646752008233	0.673	0.483	0
Dgat2	0	0.26841962181516	0.261	0.047	0
Klhl13	0	0.268417743045389	0.246	0.017	0
Ubxn4	0	0.268228925187526	0.637	0.458	0
Top1	0	0.268137956735785	0.698	0.566	0
Creb5	0	0.268017800517951	0.258	0.075	0
Hdgfl3	0	0.267938872011265	0.282	0.055	0
Tnik	0	0.26759424816372	0.236	0.022	0
Hap1	0	0.267470913446401	0.261	0.017	0
Dusp26	0	0.267316506552066	0.173	0.012	0
Dthd1	0	0.267224417076286	0.191	0.001	0
Adgra1	0	0.267075366078685	0.217	0.007	0
Lmbrd1	0	0.26697041472455	0.493	0.297	0
Mapk10	0	0.266809050048942	0.253	0.011	0
Eno4	0	0.26677471730708	0.21	0.003	0
Erbb4	0	0.266606662969895	0.219	0.003	0
Synm	0	0.266531937484876	0.337	0.136	0
H2bu2	0	0.266515471744257	0.209	0.021	0
Mpdz	0	0.266437009248555	0.251	0.03	0
Usp24	0	0.266362331103536	0.294	0.102	0
Acsl6	0	0.266028347478492	0.196	0.014	0
Srsf1	0	0.265952661689332	0.474	0.266	0
Pi15	0	0.265866475801652	0.165	0.002	0
Glod4	0	0.265529784452472	0.449	0.238	0
Efemp2	0	0.265525921180925	0.335	0.118	0
Bcas2	0	0.265500614364654	0.637	0.442	0
Baiap2	0	0.265304081836024	0.372	0.196	0
Dbpht2	0	0.264865731774949	0.198	0.006	0
Pcnp	0	0.264387255258271	0.631	0.438	0
Ei24	0	0.264375176408008	0.423	0.197	0
Pvalb	0	0.263718949735638	0.15	0.005	0
Ddo	0	0.263565546664695	0.214	0.002	0
Spata24	0	0.263281844952392	0.255	0.034	0
Ubn2	0	0.263001267372356	0.4	0.21	0
Adh5	0	0.262999064370746	0.563	0.365	0
Kif9	0	0.262969999664968	0.222	0.01	0
Map7	0	0.262655521800997	0.171	0.032	0
Ank	0	0.262117592501289	0.317	0.112	0
Kifbp	0	0.261936560741616	0.312	0.097	0
Azin2	0	0.261839869377921	0.234	0.017	0
Atat1	0	0.261769510109272	0.297	0.067	0
Epb41l3	0	0.261739570140773	0.201	0.074	0
Ift80	0	0.261598076596447	0.235	0.023	0
Cyp2j6	0	0.261529165403628	0.2	0.026	0
Ilf2	0	0.261361088528312	0.459	0.23	0
Atp5md	0	0.261331218784995	0.904	0.797	0
Ruvbl1	0	0.261320560898205	0.425	0.202	0
Rbfox1	0	0.261270900403516	0.21	0.013	0
Hnrnpk	0	0.261227363151037	0.947	0.892	0
Hoxd8	0	0.261129122610113	0.242	0.006	0
Lgi3	0	0.261073141761845	0.147	0.006	0
Tctex1d1	0	0.260688508003638	0.208	0.002	0
Prkcz	0	0.260504137670032	0.242	0.024	0
Mro	0	0.26037119565794	0.229	0.003	0
Abhd4	0	0.260257583926701	0.349	0.131	0
Ppp1r32	0	0.260111961523637	0.197	0.002	0
Ugdh	0	0.260087286808695	0.278	0.145	0
Hnrnpc	0	0.260032009322377	0.727	0.573	0
Mrps7	0	0.259860210933327	0.46	0.29	0
Tmco1	0	0.259854683160184	0.732	0.576	0
Tmem59	0	0.259581280764842	0.875	0.778	0
Zdhhc2	0	0.259401364166145	0.196	0.013	0
Ndufa7	0	0.258792694221273	0.934	0.838	0
Kmt2a	0	0.258205458423202	0.371	0.187	0
Hadhb	0	0.258166466249556	0.483	0.285	0
Snrpd3	0	0.258165489607171	0.673	0.494	0
Tulp3	0	0.257922453234626	0.242	0.033	0
Msi1	0	0.257642628375011	0.237	0.006	0
Ccs	0	0.257551192808058	0.418	0.213	0
Cdkl4	0	0.257454275248323	0.194	0.004	0
Chtop	0	0.257402420321211	0.501	0.291	0
Arl6	0	0.257171412077589	0.326	0.085	0
Fut9	0	0.256917784628101	0.17	0.009	0
Ppp2r2a	0	0.256565517221978	0.457	0.28	0
Cadm1	0	0.256450946461302	0.46	0.264	0
Chd6	0	0.256441236278408	0.345	0.129	0
Bex1	0	0.256420879186787	0.25	0.017	0
2900097C17Rik	0	0.255931812534117	0.386	0.184	0
Dtymk	0	0.255885919066104	0.432	0.223	0
Ankrd28	0	0.255816868352287	0.236	0.053	0
Ssb	0	0.255754108109151	0.701	0.56	0
Atp5h	0	0.255703946710989	0.961	0.908	0
Ankrd12	0	0.255632625211544	0.456	0.284	0
Gm17455	0	0.25563107962511	0.183	0.003	0
Ppp1r9a	0	0.255550182238761	0.285	0.08	0
Ubxn11	0	0.255485226847017	0.224	0.014	0
Cpox	0	0.25533894213347	0.175	0.07	0
Txndc15	0	0.255117219484826	0.535	0.337	0
Trim37	0	0.255068271464267	0.265	0.065	0
C130071C03Rik	0	0.255018238895618	0.22	0.005	0
Ncam2	0	0.25493713055978	0.179	0.005	0
Atxn1	0	0.254838277863339	0.322	0.124	0
Epha5	0	0.254756488824921	0.189	0.007	0
Prkca	0	0.254552165690639	0.251	0.038	0
Gm5617	0	0.254532048804674	0.357	0.158	0
Dctn4	0	0.254515285858976	0.45	0.266	0
Uckl1os	0	0.254442419183736	0.19	0.003	0
Faim2	0	0.254392385775902	0.215	0.016	0
Anp32e	0	0.254040031206057	0.529	0.348	0
Aamdc	0	0.253915560516052	0.363	0.162	0
Naf1	0	0.25364234155489	0.302	0.086	0
Psmb5	0	0.253372806442183	0.773	0.636	0
ENSMUSG00000079065	0	0.253159210944212	0.323	0.16	0
Mrpl51	0	0.25287359419095	0.6	0.4	0
Rev3l	0	0.25228251094849	0.242	0.054	0
Aco2	0	0.251945576833603	0.521	0.335	0
Ralgds	0	0.251693532884842	0.27	0.081	0
Pink1	0	0.251640164596822	0.372	0.172	0
Abat	0	0.251588203662413	0.221	0.017	0
Znrd2	0	0.251521091069652	0.449	0.216	0
Chchd1	0	0.251383786817256	0.606	0.431	0
Hspa9	0	0.251329119343213	0.596	0.427	0
Tnrc6a	0	0.251272720803998	0.436	0.251	0
Zmat2	0	0.251165461848894	0.592	0.406	0
E130114P18Rik	0	0.250901324612533	0.199	0.004	0
Adora1	0	0.250757300706123	0.218	0.011	0
Lrrc4b	0	0.250698778444918	0.202	0.006	0
Ascl1	0	0.250693001742461	0.131	0.004	0
Abi2	0	0.250620540574087	0.296	0.087	0
Rit2	0	0.250565385513587	0.216	0.011	0
Gadd45a	0	0.2504924289587	0.302	0.156	0
Galnt2	0	0.250259864332882	0.194	0.042	0
Slc25a23	0	0.250161661747925	0.269	0.047	0
Ptn	1.2838129217052e-306	0.274495326937737	0.414	0.243	2.72476454502712e-302
Pbxip1	3.09957420187869e-306	0.344665939626359	0.424	0.294	6.57853628606732e-302
Erbin	2.23270057424161e-303	0.260465774728895	0.366	0.225	4.7386836987704e-299
Csrp1	6.40743169628558e-296	0.507498677986372	0.366	0.228	1.35991330321965e-291
Pgp	7.90946233682249e-288	0.300445257180833	0.336	0.208	1.67870428636721e-283
Rnf7	5.75283955927748e-287	0.330120853630187	0.737	0.638	1.22098266806105e-282
2200002D01Rik	1.38775892549834e-283	0.316605082759688	0.16	0.066	2.94537954347768e-279
Tmbim1	1.21882373755679e-280	0.281721897099209	0.426	0.295	2.58683150059053e-276
Slc12a2	8.46609286393718e-276	0.273527715821182	0.256	0.134	1.79684354944203e-271
Rnf13	6.43523947643149e-271	0.317284673355562	0.579	0.446	1.36581522647782e-266
Ppp1r14b	1.777054935233e-267	0.509206734709204	0.467	0.362	3.77162139453852e-263
Psat1	4.02968684193982e-260	0.254768107150255	0.368	0.232	8.55260735333308e-256
Ppp1r14a	1.24608594512628e-259	0.677748665087671	0.126	0.048	2.64469280993602e-255
Rtn4	1.40183153463787e-247	0.430635001449903	0.692	0.618	2.97524724911542e-243
Zfp36l1	2.72149522753471e-246	0.565649653817299	0.701	0.658	5.77610147091967e-242
Macf1	1.28132879035604e-242	0.279865763582001	0.57	0.444	2.71949222465166e-238
Nav2	3.45254597997515e-237	0.340978339863956	0.284	0.171	7.32768358789927e-233
Tkt	1.56310868045789e-236	0.258196865768746	0.624	0.515	3.31754186340383e-232
Septin4	7.10377378570685e-226	0.647105841222311	0.241	0.133	1.50770494827842e-221
Qdpr	3.46548516301439e-224	0.634343659423024	0.408	0.29	7.35514570998173e-220
Fosb	2.13734318869936e-218	0.40901799864953	0.523	0.414	4.53629718369553e-214
Ifitm3	9.76995770587549e-216	0.411020215742426	0.75	0.75	2.07357582349501e-211
Car2	2.30694242289731e-210	1.20701368267826	0.229	0.133	4.89625459835724e-206
Tmem176b	3.80041178454597e-209	0.403222811454358	0.617	0.506	8.06599397152036e-205
Marcks	8.12059732250884e-201	0.295268129083672	0.719	0.618	1.72351557572928e-196
Tagln2	9.85235717613205e-201	0.293284348307424	0.812	0.764	2.09106428706227e-196
Pde4b	6.45977836229976e-199	0.263868601323767	0.346	0.232	1.3710233596145e-194
Plec	5.48383491060332e-185	0.309095664867165	0.386	0.272	1.16388912142645e-180
Endod1	1.1204800370367e-175	0.300725338552873	0.201	0.115	2.37810683060669e-171
Mag	7.41288108820042e-174	1.15918298130847	0.16	0.087	1.57330988215966e-169
Snx1	1.32130726715933e-159	0.285308996230078	0.435	0.349	2.80434254381895e-155
Rhoj	2.96665799913208e-145	0.263764169768257	0.237	0.148	6.29643493735792e-141
Hes1	8.98911574381003e-143	0.28943372445935	0.474	0.375	1.90784992546624e-138
Stmn1	4.55215972969274e-121	0.467313645326917	0.471	0.372	9.66150381029987e-117
Sdc3	2.2977573234818e-103	0.333711910100613	0.305	0.246	4.87676014335777e-99
Tmem167	1.36853324842353e-82	0.305506683461737	0.576	0.548	2.90457496645411e-78
Nav1	3.68710751978659e-81	0.26813911177399	0.235	0.178	7.82551699999505e-77
Apod	2.58912778576262e-64	1.52276336915181	0.231	0.177	5.49516481250259e-60
Sec11c	1.68315372548385e-59	0.43187728105005	0.611	0.607	3.57232546696693e-55
Tnfrsf12a	1.36622605539047e-53	0.369753409468242	0.357	0.326	2.89967817996073e-49
Pmepa1	1.54904091056227e-45	0.297339169403821	0.47	0.434	3.28768442857736e-41
Mal	3.34284896301168e-40	0.430334056644841	0.164	0.225	7.09486263909599e-36
Lims2	1.28611922195317e-30	0.308240617414554	0.183	0.151	2.7296594366734e-26
Btg2	8.53961923212623e-30	0.420104778160243	0.654	0.696	1.81244878582647e-25
Gsn	1.06299765983099e-18	0.312273265332734	0.29	0.264	2.25610623322529e-14
Pdlim2	0.2848538092723	0.353698912872662	0.15	0.157	1
